company,job_count
Tata Consultancy Services,653
Accenture,438
EY,340
Leading Client,243
Infosys,209
Capgemini,195
Photon,193
Logic Planet,185
Hexaware Technologies,147
Sparix Global,126
Paytm,111
Fractal Analytics,108
Krazy Mantra It,102
Han Digital Solution,98
Crisil,98
Diverse Lynx,94
Iris Software,91
Nagarro,90
Cognizant,88
Tech Stalwart Solution,86
PwC Service Delivery Center,85
IBM,82
Tech Mahindra,77
CGI,72
Synechron,71
Barclays,68
Coforge,68
Optum,61
Welo Data,61
Acme Services,60
Clifyx Technology,56
US MNC (analytics),54
Luxoft,54
S&P Global Market Intelligence,52
Mastercard,52
Codvo,51
Thales,51
UPS Supply Chain Solutions (UPS SCS),49
Zensar,48
HCLTech,47
RIGHT STEP CONSULTING PRIVATE LIMITED,46
Capco,46
Jones Lang LaSalle (JLL),44
Wipro,42
Tredence,42
Adobe,42
JPMorgan Chase Bank,41
Persistent,40
Bahwan CyberTek,38
Google,38
Infraveo Technologies,38
Grid Dynamics,38
Airo Digital Labs,37
Hitachi Digital Services,37
Tekskills,37
Maruti Suzuki,37
Crescendo Global,37
Cloud Counselage,36
Altimetrik,36
SWS Smart Working Solutions,36
Genpact,36
Anaplan,36
Highlevel Llc,35
Birlasoft,35
Micro1,35
Ltimindtree,35
Tekskills India Pvt ltd,34
DXC Technology,34
Cloudxtreme,34
Axis Max Life Insurance,34
Vrinda International,34
Axtria,33
Estalvis Advisors,33
Ascendion Engineering,32
Oliver Wyman,31
Bajaj Finance,31
IDESLABS,31
Tiger Analytics,30
Dentsu Webchutney,30
Quantiphi Analytics Solutions,30
BCForward,30
Rockwell Automation,29
TP,29
Careernet,29
ZS,29
Kyndryl,29
Rarr Technologies,28
Evalueserve,28
Ecolab Global Services,28
Quarks Technosoft,28
Squircle IT,28
KLA,27
UST,27
Info Edge,27
Azilen,27
EXL,26
Damco Solutions,26
Spanbix Technologies,26
Alignerr,26
Lorven Technologies,26
LLP S3bglobal Technologies,26
Caterpillar Inc,26
AtkinsRéalis,26
InfoCepts,26
Prudential,26
Deloitte US-India Offices,25
SLK Software,25
Elsevier,25
Ciklum,25
Artify Talent Studio,25
FIS,24
Hewlett Packard Enterprise,24
Tekskills india,24
Globallogic,24
Numerator,24
FedEx,24
Acenet,23
GForce Consulting Solutions,23
Hatigen Consulting Services,23
Hitachi Energy,23
Tekskills india pvt ltd,23
Exavalu,23
Allianz,22
MNJ Software,22
Clover Infotech,22
Bounteous x Accolite,22
Adani Group,22
Innova Solutions,22
Virtusa,22
"NTT DATA, Inc.",22
Happiest Minds Technologies,22
Open Insights,22
Impetus Technologies,21
Mufg Pension & Market Services,21
Deutsche Bank,21
Yash Technologies,21
Speechify,20
Mobile Programming,20
Impronics Technologies,20
Expedia,20
Apex Group,20
Krazymantra It Solutions,20
Scry Analytics,20
Acuity Knowledge Partners,20
The It Mind Services,19
Epam Systems,19
Aliqan Services,19
Wing Assistant,19
PointAbout Inc.,19
Tekskills India,19
Virtualware Innovations,19
KPI Partners,19
Databricks,19
ARP Investments,19
Ztek Consulting,19
Stack Digital,19
Aecom,19
IT Company,19
eLabs Infotech,19
IBU Consulting,19
Premium,18
Ahead,18
Service based Top B2B MNC in IT Services Sector,18
PayU,18
TekWissen India,18
Godigi Infotech,18
Insight Direct India,18
Straive,17
Conduent,17
Navikenz India,17
Katbotz Llc,17
Affine Analytics,17
Calsoft,17
brillio-2,17
Thermo Fisher Scientific,17
Embarkgcc Services,17
Nomura,17
AMERICAN EXPRESS,17
TATA 1 MG,17
Origin Hr,16
Zenon LLC,16
Siemens,16
Globant,16
Baker Hughes,16
PW,16
360DigiTMG,16
Star4rall It Solutions,16
Premium Aerotec,16
Overture Rede,16
Crescendo Global Leadership Hiring India,16
Moris Media,16
Atyeti,16
Tenarai Technologies,16
Stratonik,15
Drivetrain,15
Agilisium,15
Conneqt,15
Kiya.ai,15
Heinz,15
Gallagher,15
Ceresight,15
TO THE NEW,15
Programming.Com,15
TE Connectivity,15
Global Act,15
enGen Global,15
Smiths,15
Leading IT Service and Consulting Organization,15
Intuitive Apps,15
E4 Softwares,15
Hdfc Bank,15
PSRTEK,15
Digital Glyde,15
Codersbrain India,15
Comviva Technology,14
Scribble Data,14
Natwest Digitalx,14
Black and white Business Solution,14
Tekskills India pvt ltd,14
VOLKSWAGEN GROUP DIGITAL SOLUTIONS PRIVATE LIMITED,14
ti Steps,14
Protiviti India,14
Salesforce,14
Black and white Business Solutions,14
Service based Top B2B MNC in IT Services Domain,14
Fortune India 500 IT Services Company,14
Movate Technologies,14
Simcorp,14
Mindshare,14
Busigence Technologies,14
Indium Software,14
eClerx,14
Flexsin Technologies,14
Jobgether,14
Bean Hr Consulting,13
Microland,13
Oxane Partners,13
Rapsys Tech Solutions,13
Umbrella Infocare,13
Grant Thornton India Pvt Ltd,13
Iqvia Biotech,13
Sykes,13
Clarivate,13
Rezultize,13
Prolegion,13
Finicity,13
Startek,13
CareerFit.ai,13
CAI,13
Larsen & Toubro (L&T),13
LatentView,13
TEKsystems,13
Heptarc Talent Acquisition,13
QX Global Group,13
Alstom,13
Sparta Systems,12
Level Ai,12
LogiNext,12
Xpheno,12
Fujitsu,12
Go Digital Technology Consulting,12
Pfizer,12
TUV SUD South Asia,12
Nvidia,12
anblicks,12
House of Edtech,12
Prgx India,12
Schneider Electric India Pvt. Ltd.,12
Right Step Consulting,12
Goldman Sachs,12
bp,12
Renalysis Consultants,12
Macquarie,12
Bharatcares,12
Clearwater Analytics,12
Brighttier Inc,12
Gartner for HR,12
PwC India,12
E Tech Software,12
Andre Consultancy Services,12
Varite,12
MNC Group,12
Fortis,12
client of Kaizen,12
Visteon,12
Bot Consulting,12
Iflow,12
Makemytrip,11
thinkahead,11
GSPANN,11
WNS Holdings,11
Nucleusteq Consulting,11
Aidaptive,11
Quest Global,11
Nielsen Sports,11
Beinex,11
Leokraft Technologies,11
Legato,11
HCP Wellness,11
Top MNC,11
Siro Clinpharm,11
Diensten Tech,11
Bayinfotech,11
Nextmeta Labs,11
Delphic India,11
Forage Ai,11
Kroll,11
Xoom,11
Stryker,11
Razorthink,11
iQor,11
Vmock,11
Infobeans,11
Optimum Solutions,11
Kiash Solutions LLP,11
Visa Consolidated Support Services India,11
McCormick India,11
Westernacher Consulting,11
Equinix,11
Exzeo Software,11
CoreOps.AI,11
Bluesoft Software Solution,11
Iflowtech Solutions,10
Experis,10
Delhivery,10
Fidelity International,10
Algoworks,10
MNC,10
Castrol,10
Cradlepoint,10
Wolters Kluwer - Medknow Publications,10
Orants Ai,10
Innodata India,10
Freelancer,10
Avance Consulting Services,10
TMF Group,10
BMW Techworks India,10
Amantya Technologies,10
APM Terminals,10
Route Mobile (RML),10
MUFG Bank,10
Aziro,10
Celebal Technologies,10
Trigyn Technologies,10
Landis Gyr,10
Kloud9,10
Nityo Infotech,10
Jade Global,10
Praxis Consultants,10
GE VERNOVA,10
Foreign IT Consulting MNC,10
Naukri Expert Assist,10
Clarice Technologie,10
Times World Information Technology,10
Infineon,10
Swiss Re,10
Zydus Hospitals,10
Atos,10
Everforth Quinnox,10
Apple,10
Mendine Pharmaceuticals,10
Net Connect,10
Boosta,9
Ahana Systems & Solutions,9
Crimson Interactive,9
Abbyy,9
Udacity,9
Bamboo Works,9
American Express Global Business Travel,9
AMK Group,9
Statusneo Technology Consulting,9
Cvent,9
Devlats,9
Shell Pvt Ltd,9
Ericsson,9
Orcapod Consulting Services Private Limited,9
Taskus,9
Syneos Health,9
ORMAE (Operations Research Machine learning & Analytics Experts LLP),9
RSM US in India,9
Cushman & Wakefield,9
ISS Corporate Solutions,9
athenahealth,9
Intersources Inc,9
Securens Systems,9
Sigma Allied Services,9
Wells Fargo,9
Thomson Reuters,9
Emperen Technologies,9
Stemford India,9
Hir Infotech,9
Codincity Digital Technologies,9
Credera,9
Motorola Solutions,9
ACL Digital,9
Cummins,9
Net2Source,9
TechKnowledgeHub.org,9
Rackspace Technology,9
Simplify Healthcare,9
Techokids,9
Triumphant Itcs,9
Learningmate Solutions,9
Apex 2000 INC,9
Nexturn,9
Thoucentric,9
Bharti AXA General Insurance,9
Publicis Sapient,9
Newgen,9
Netomi,9
Jalopeura Technology,9
Quadrant Technologies,9
Supplycopia Software Services,9
Trinity Life Sciences,8
Elaarson Industries,8
Hsbc,8
LexisNexis Risk Solutions,8
National Institute for Smart Government (NISG),8
Synopsys,8
Orcapod Consulting Services,8
Blackstraw Technologies,8
Cerebraix,8
ABB,8
SG Analytics,8
Gratitude India,8
Snapdeal,8
Airtel,8
Mindrift,8
World Courier,8
Highstreet It Solutions,8
Service Industry,8
Figmenta,8
Medcare Hospital & Medical Centres,8
Screen Rant,8
First Source Energy India,8
Gigafactor Solutions,8
Lam Research,8
CMM Level 5 IT Company,8
Target,8
Think People Solutions,8
Cisco,8
Axa Xl,8
OYO,8
Bold Technology Systems,8
Aditya Birla Insulators,8
Hurix,8
Black Poison Tattoo Studio,8
Bandhan Life Insurance Limited,8
Mastek,8
Proclink,8
Naghavi Fintech,8
Staffice Global,8
First Solar,8
LeadWinner,8
Fortune 500 IT MNC,8
client of kaizen,8
NXG World,8
FCS Software Solutions,8
Thales India Pvt Ltd,8
Suzega,8
Infinite,8
Tavant,8
Version 1,8
Convergepoint,8
Exponentia.ai Private Limited,8
Big 4 Consulting Firm,8
Knowledge Park,8
Leading IT Software Company,8
ELF Beauty,8
9yards It Technology,8
IntraEdge Technology,8
Availity,8
Saint Gobain,8
Sophos,8
ICICI Lombard,8
Analytics Vidhya,8
Geoconsultants India Services,8
Aepl,8
Coverforce,8
RIMES,8
Payoneer,8
T&N Business Services,7
Material+,7
E Billing Solutions (EBS),7
Novo Nordisk,7
Epsilon Data Management,7
Rentokil Initial,7
Somnetics Som Imaging Informatics,7
Smiths Detection,7
Nokia,7
Cloudsufi,7
Wissen Technology,7
Brillius,7
DBS Bank,7
MSCI Services,7
Binance,7
Thrise,7
Seven Consultancy,7
Mondelez,7
Itisconfidential,7
Service based MNC in B2B IT Services Sector,7
Armanino,7
SSTech System,7
Dtcc,7
Huron,7
SES Global Technology Services,7
E2M Solutions,7
WPP,7
Numentica,7
NS Global Corporation,7
Neoware Technology Solutions,7
Niva Bupa Health Insurance,7
Next Business Services India,7
Aryavart Institute Of Technology,7
Anlage Infotech,7
Yogini Tradex,7
Dayforce,7
Team Computers,7
India's Largest IT Service Provider,7
Matangi Industries,7
Adani Transmission (ATL),7
ABB Ltd,7
Rapid Canvas,7
Geotechnosoft,7
Prudential Corporation Asia,7
Sanfoundry,7
Twilio,7
tekskills india,7
Artech India,7
Easemytrip,7
Acciojob,7
Kinara.ai,7
tekskills india pvt ltd,7
Eurofins,7
SRS Infoway,7
Earnin,7
Qualtech Edge,7
Indium Global Services,7
US MNC (Analytics),7
Claight Corporation Expert Market Research,7
teamplus staffing solution,7
Globiva,7
Dev Solutions,7
Vconstruct,7
BMC Software,7
Marktine,7
Angel One,7
Leading MNC,7
Metlife,7
Transunion,7
Zymr Systems,7
Honeybee Tech Solutions,7
Xebia It Architects,7
Superstuff,7
Tecnimont,7
R1 RCM,7
Plasma Softech,7
A1 Human Wealth Management,7
Symmetry Systems,7
HighSpring India LLP,7
Consulting Firm,6
Svitla Systems,6
Mindteck,6
Vinove Software,6
Leading IT Firm,6
Enfuse Solutions,6
oaknorth.ai,6
Randstad,6
Amiseq,6
Geak Minds,6
i2e Consulting,6
Exxon Mobil Corporation,6
Deloitte Shared Services India,6
Vimerse Infotech,6
Tata Consultancy Services(TCS),6
Artex Risk Solutions,6
ZoomRx Healthcare Technology Solutions,6
Arise Solutions,6
Saicon Technologies India,6
Getronics,6
Cybernetics Controls,6
Mphasis,6
Cerebra,6
Barclaycard Payments,6
Srijan- A Material+ Company,6
Srijan,6
Finbox,6
Certifyos,6
Circle Internet Tech,6
John Crane Sealing Systems India,6
HARMAN India,6
Robusta Technology Group,6
Owens & Minor,6
Spigot Software,6
Zscaler LATAM,6
Marsh McLennan,6
Sbicap Securities,6
Netlink Software,6
Credence Resource Management,6
Futran Tech Solutions,6
Porter,6
Olam International,6
Perpetuity Capital,6
Zennial Pro,6
Sisl Infotech,6
Silverline It,6
Navsan,6
Starbucks,6
KSB,6
Amgen Inc,6
Info Services,6
Aerobotics7,6
Aeries Technology,6
Confidential,6
Macgence,6
Codeclouds It Solutions,6
Taffi,6
M&G plc,6
Arahas Technologies,6
Srijan Spectrum,6
Programmers io,6
NICE,6
Rysun Labs,6
Egon Zehnder,6
Precision Medicine Group,6
Techcronus,6
Amnex,6
Retisio,6
Decimal Point Analytics,6
ITC Infotech,6
Fiserv,6
Calderys India Refractories,6
Vijay Mamra,6
India Health Link,6
Guidehouse,6
Classic Marble Company,6
Pearson,6
Hiringhood,6
Growexx,6
TechBlocks,6
MKS Instruments,6
CDM Smith,6
Staples,6
Advantmed,6
Emerson,6
Stimuler,6
Seleccion Consulting,6
Codersarts,6
Mancer Consulting Services,6
Livecareer India,6
MS Guide World,6
Kenvue Brands LLC,6
Arsr Technologies,6
Tekskills.Inc,6
Mott Macdonald,6
SUMOLOGIC TECHNOLOGIES PRIVATE LIMITED,6
Saarthee,6
Crowdstrike,6
Getinz Techno Services,6
Gebbs Healthcare Solutions,6
BDO India,6
Mckinsey & Company,6
Client of Sampoorna Consultants Pvt. Ltd,6
Tarento Technologies,6
2coms,6
Cashos Technologies Pte Ltd,6
Cognitive View,6
Hitachi,6
Jefferies Financial Group,6
Whizz Edu Tech,6
MMK Enterprises,6
Jero Technologies,6
TD Synnex,6
Velocitai Digital,6
Nasdaq,5
Rankitright Media(opc),5
Russell Investments,5
Environmental Resources Management (ERM),5
QualityKiosk,5
INGRAM MICRO PLATFORM TECHNOLOGY INDIA PVT LTD,5
Growth Jockey,5
Airlinepros International Service Center,5
Vinove Software Services Pvt Ltd,5
Billennium,5
Big Data Exchange,5
Aark Global,5
Pharmaforceiq,5
Globlyn Technology,5
Elev8 Education,5
Fresh Gravity,5
BNYMellonInternationalOperations(India) PrivateLim ited,5
Aumni Techworks,5
Krayo,5
Blue Altair,5
Rategain,5
R C W M A S Global,5
Amherst Group,5
Unify Technologies,5
Continental,5
Tristha Global,5
Apphienz,5
Codefeast Enterprises,5
Wize Careers Consultants,5
Miracle Corporate Solutions,5
Pracyva Consulting Services,5
Roku,5
Guidewire Software,5
Vitestork Consulting,5
Hackajob,5
Som Imaging Informatics,5
KKR India Asset Finance,5
Winfort,5
Pharmsight,5
ICU Medical,5
IT Industry,5
Resilinc,5
IT MNC,5
C5i,5
Visit Health,5
Yipitdata,5
Mactores Cognition,5
Virtualace In,5
ColumbiaSportswearCompany,5
Bloom Energy,5
tekskill,5
TALENTPULL AND INFRASTRUCTURE PRIVATE LIMITED,5
Ness Digital Engineering,5
Aivantage Global,5
OrangeMantra,5
Sarvagram Fincare,5
Kanini Software Solutions,5
banking,5
Smith & Nephew,5
Aristok Technologies,5
Citco,5
Einfochips,5
Hitech Digital Solutions,5
Savantys Solutions,5
Koantek,5
Themathcompany,5
Expleo,5
Softtek,5
Codaemon Softwares,5
Aeris Communications India,5
Prodapt Solutions,5
Schneider Electric,5
Apex Engineering Solutions,5
Weblineindia,5
Millennium Management,5
Radiant Digital Solutions,5
Data Economy,5
Bentley Systems,5
Taazaa Tech,5
Deloitte Consulting,5
Kaizen,5
Tata Communications,5
Xoriant,5
CRE Matrix,5
Velodata Global,5
Armakuni,5
Stark Industries,5
Intech Systems,5
Brahma Strategies,5
Mapps It Services,5
Altera Corporation,5
Eucloid Data Solutions,5
Termgrid,5
Interview Kickstart,5
"Cittabase Solutions Pvt Ltd.,",5
Cornerstone,5
MSC Technology,5
Xerago B2B,5
Nordex Engineering And Technology,5
Calpion Software Technologies Private Ltd,5
Assurex India,5
Aspera Advisors,5
Bharat Earn Technology,5
Agneyas Labs,5
Vservice It Solutions,5
Localization Academy,5
Total Automation Solutions - Healthosphere,5
Toonsutra,5
Oracle,5
eTeam Inc.,5
Aarka,5
Penthara Technology,5
Appzlogic,5
Gravitie Knowledge Services,5
Cornerstone India,5
Crompton Greaves Consumer Electricals,5
Techwize,5
Codeelan Technologies,5
Green Clover,5
Colgate-Palmolive (India),5
Commerciax Infotech,5
Accion Labs,5
Elevation Capital,5
Graphene Ai,5
Accely,5
Nium India,5
Yes Bank,5
Frisco Analytics,5
Applyboard,5
Poshmark,5
Lumen Technologies,5
Z2plus Placement & Security Agency Pvt. Ltd.,5
Pattern Technologies,5
NiCE,5
10decoders,5
YO It Consulting,5
Brainvire Infotech,5
Inorg,5
IT Services Company,5
Mullers Solutions,5
Sciative Solutions,5
Frogdata,5
Sunovaa Tech,5
Adalat Ai,5
Lennox India Technology Centre (LITC),5
rigbot.com,5
Nextloop Technologies,5
BDO International Limited,5
The Omnihire,5
Pri India It Services,5
MTC Pvt Ltd,5
Criticalriver,5
Equal Experts,5
Gedu Services,5
Lumasense Technologies,5
Tech Holding,5
Baxter,5
NPS Prism,5
AI Fund,5
Sprinto Hq,5
Global MNC,5
MAN TRUCK BUS,5
Addepar,5
Sia Partners,5
Affinity Global Advertising,5
Webkit24,5
Foundation Ai,5
Tellius,5
Highbrow Technology Inc,5
ValGenesis,5
Edifecs Technologies,5
Attero Recycling,5
Panapps,5
Pradeepit Consulting Services,5
Feather Thread Corporation,5
Amh Services,5
Solytics Partners,5
Xiotz,5
Qnance,5
Cadence,5
Connectfor,5
Instatalent Recruit LLP,5
Diggibyte Technologies,5
Unitedlex,5
G4S,5
Turing Global India,5
Gyantu,5
"JPMorgan Chase Bank, N.A.",5
Awesome Analytics,5
Indo Fuji Information Technologies,5
Teckvalley India,5
Dow Chemical International Private Limited,5
AMS,5
Minfy,4
Finoit Technologies,4
Pioneer Infotech,4
Solventum,4
Virtues R & D,4
Blue Yonder,4
Zivanta Analytics,4
Glance,4
Digital Aptech,4
Viaprom Technologies,4
Talent Toppers,4
Majulah Infotech,4
Cynet,4
Droisys,4
ValuePoint,4
Meeden Labs,4
Innominds Software,4
Infusemedia,4
Broadridge,4
Tata Power,4
Morgan Stanley,4
Ocwen Financial Corporation,4
SI UK,4
Procdna,4
Ekloud Data Labs,4
Asite Solutions,4
Talent Smart Soft Solutions,4
Lofty Technologies,4
Wynploy,4
Golden Management Services,4
Jet2 Travel Technologies,4
Aptech Limited,4
Masters Union,4
Magic Finserv A Unit Of Magic Software,4
Pro Ultimus,4
Sberbank,4
Mobio Solutions,4
Quincy Compressor,4
Sigmoid Analytics,4
Prisma Global,4
Sgvp Holistic Hospital,4
Cloudesign,4
Umanist India,4
Medusind,4
Morningstar,4
Dhurin,4
Reliance Foundation Institution Of Education And Research,4
WIN Home Inspection,4
Toppan Merrill,4
Safeway Insurance,4
Relevantz Technology Services,4
Vrize,4
Techmasters Infomatrix,4
Toast,4
Glencore,4
Idexcel,4
Brand Catalyst Media,4
Apollo Global Management,4
Vichara Technologies,4
Best Egg,4
Im24x7 Delta Solutions,4
Porch,4
GIG Consultants,4
Boston Analytics,4
Jubilant FoodWorks (JFL),4
Jrk Infotech,4
SS&C Technologies,4
Ford,4
Two95 International,4
Comfrt,4
Societe Generale Global Solution Centre,4
Buildingblocks Software Services,4
Cigna Medical Group,4
Systems Plus Solutions Pvt Ltd,4
Perficient,4
Microchip Technology,4
Primohunt Corporate,4
ADROITENT,4
Love In Store,4
Applicate,4
Moody's Analytics,4
360 Degree Cloud Technologies,4
Capital One,4
Puresoftware Technology,4
Stride India,4
Bristlecone,4
Aspire Systems,4
Tanisha Systems,4
Geekyants,4
DTDC Express,4
AArete,4
Comprinno Technologies,4
Antino Labs,4
Blue Planet Solutions,4
Trigent Software,4
GroundTruth Careers,4
Xenon7,4
Medhavi Skills University,4
Pocket Fm,4
Xebia Academy Global,4
Mindwise Technologies,4
V2soft,4
TeamLease,4
Sapiens,4
Srivango,4
Steady Rabbit,4
Talent Corner HR Services,4
SBI Card,4
Teesta Investment,4
SSP Solutions,4
Uber,4
Revvity Healthcare,4
RiDiK,4
Manpowergroup Services India,4
HashedIn,4
Harjai Computers,4
Wadhwani Ai,4
National Payments Corporation of India (NPCI),4
Coderea,4
Evanti Tech,4
Espire Infolabs,4
The Art Of Living Human Resources,4
Samatrix Consulting,4
Agilent Technologies,4
Alcatec Research Laboratories,4
CSG,4
Ultahost,4
Integrated Personnel Services,4
Rabbit And Tortoise Technology Solutions,4
eBay,4
Verdantis,4
Metabase,4
Brickwork Ratings (BWR),4
Ignitho,4
Ameriprise Financial,4
Wintech Services India Pvt Ltd,4
VyntraPro Innovation,4
Mypcot Infotech,4
Tcg Digital Solutions,4
GAC Solutions,4
TechF,4
tekskills,4
Shaip Ai Data (india),4
Valuedx Technologies,4
Red Hat,4
ags,4
Mantras2Success Consultants,4
Arise Solution,4
Krish Technolabs,4
Analytics Liv Digital,4
Yotta Infrastructure,4
Ventures Hrd Centre,4
Talentzo Delhi,4
Legistify,4
Tudip Technologies,4
Myers Holum,4
Vlaunchu,4
Tata Technologies,4
Apptad,4
Anheuser Busch InBev,4
Eyeota,4
Amici Global Solutions,4
Stalwart Themius,4
Cloudthat Technologies,4
Prodcon Tech Services,4
Sopra Steria,4
Decisiontree Analytics & Services,4
Unified Infotech,4
Ediffy,4
Scymes Services,4
Wsp Consultants,4
TSIT Digital,4
66degrees,4
Aurigo Software Technologies,4
Jean Martin Systems,4
Home Credit,4
Learntastic,4
PURVIEW,4
Atlas,4
Peroptyx,4
NIMOY.AI,4
Firstcall Hresource,4
Jio Institute,4
Robosoft Technologies,4
Kosqu Technolabs,4
Tata Electronics (TEPL),4
Excelra,4
Bottom Line,4
Talworx,4
HT Digital Streams,4
Bayer Zydus Pharma,4
Docusign,4
ADA Global,4
CrossAsyst,4
Agileengine,4
Indo French Chamber of Commerce and Industry (IFCCI),4
IT,4
General Mills,4
Konkem Industries,4
Indusa,4
Group Bayport,4
Taskus India,4
Randomtrees,4
CMMI Level5 Company!,4
PRI Global,4
Agilo Research,4
Ergode It Services,4
Tpgi,4
WM UNIVERSAL SOLUTIONS PRIVATE LIMITED,4
Codepanda Academy,4
Konrad Technologies,4
Facility Performance Consulting,4
Iron Mountain,4
Data Patterns,4
"Key Management Group, Inc.",4
Compunnel,4
Evoke HR Solution,4
Ujjivan Small Finance Bank,4
Aon,4
Louis Dreyfus Company,4
A Client of Anlage,4
Kalam Academy,4
Mckinsol Consulting,4
syniti,4
IT Services & Consulting,4
Here Technologies,4
Keysight Technologies,4
Boston Consulting Group,4
SmarTek21,4
Drishti Ferry,4
Mercados Energy Markets,4
Zentek Infosoft,4
A Global Giant,4
Edgemed Healthcare,4
CS Disco,4
Pgagi,4
Viga Entertainment Technology,4
Millennium Organisation,4
TOP MNC Company,4
Cloudforti,4
Systechnosoft Technologies,4
Cybage,4
Vrinda Global,4
KP Group,4
Fusionpact Technologies,4
Noida Institute of Engineering Technology (NIET),4
Radiansys Technologies,4
Vensure,4
Pulsehrm,4
Medreview,4
Quickbase,4
SE2,4
Onemagnify,4
Precision For Medicine,4
Mhtechin,4
Pelocal,4
Nutrabay,4
KPMG India,4
Mongodb,4
Speraspect,4
FORVIA HELLA,4
Think 360,4
Eice Technology,4
Indus Valley Partners,4
Aqilea,4
Haleon,4
Spectral Consultants,4
A.P. Moller Maersk,4
Megalog Softwares,4
PrimaFelicitas,4
Moneymul Technologies Pvt Ltd,4
Infyni,3
Fortune 500 Product-based MNC,3
Kiebot,3
Artdex And Cognoscis Technologies,3
Sandhata Technologies,3
Qcentrio,3
Elios Technologies,3
LanceSof,3
ZS Associates (India) Pvt Ltd,3
Dew Solutions,3
Daftar Route,3
Bytespoke Com,3
CSB Bank,3
Pulsepoint,3
Intellistride,3
Progressive Infovision (PIPL),3
Opstree Solutions,3
Philips,3
Delta,3
Familybuds,3
Glosap Systems,3
Multinational Company,3
Miles IT,3
JustAnswer Innovations India Private Limited,3
Qnovate,3
Future Search&selection,3
Connectheor,3
Credit Wise Capital Pvt. LTD.,3
Wiley,3
Indimedi,3
Sagittarius Communications,3
Pragyan School,3
Trbitix,3
Dreamsol Telesolutions,3
Ebix,3
LeadSquared,3
Fountain9,3
Ydts Global,3
Blink Health,3
Superprocure,3
Mabbit Communications,3
Red Apple Technologies,3
Outsourcedwell,3
Optimum Info,3
ZeMoSo Technologies,3
Warner Bros. Discovery,3
Tata Capital,3
Peoples Growth Hr Solutions,3
Purview Service,3
Amazon,3
Tresvista Financial Services,3
Creative Hands HR,3
Red & White Education,3
Galaxy Capital Partners,3
TekPillar,3
Datametica,3
Fastly,3
Myvirtualdesks,3
Elevati Infotech,3
HMH Technology Private Limited,3
E-stone Information Technology,3
BillDesk,3
Visionet Systems,3
Hilabs,3
Project44,3
First Advantage,3
DIGITAP.AI,3
Groupm Media,3
Magenta Ev Solutions,3
Regnology,3
NetApp,3
Mauve Technologies,3
Igreentree,3
Unlimited Innovations,3
Data Nova,3
Edify Group,3
Cct Digisol,3
Ecolab Life Sciences,3
Pramerica Life Insurance,3
Align Technology,3
Smart Ims,3
Flexera Software,3
Diageo,3
Tata International,3
Curai Health,3
Logmein,3
Tsmg Holding,3
Isarva Infotech,3
Open Fabric,3
Artemis Health,3
Sitka Ai,3
Imurgence,3
Integrichain,3
HRSOLUTIONS,3
First Meridian Business Services,3
purview services,3
Rudder Analytics,3
CLIENT OF IT SCIENT,3
Black & Veatch,3
Northern Trust,3
VDartDigital,3
Bill Gosling,3
First Citizens India,3
Offshore Universal Textiles,3
Client of Connexion Group,3
Hudson Data,3
TMD - The Modern Dimension,3
Sunbrilo Technology,3
Zectos Software,3
Cognitus,3
Sensabyte Technologies,3
Burgeon IT Services,3
Rxlogix Corporation,3
Codemonk,3
Candescent,3
Dentsu Global Services,3
Apidel Technologies,3
Humming Brains,3
Intellics Global Services Mumbai,3
Edgematics,3
Synoptek,3
Infocusp Innovations,3
NCS Group,3
ADP Private Limited,3
The Entrepreneurship Network (TEN),3
Exela Technologies,3
Icloudsys,3
Garrett,3
Tsys Global Solutions,3
PTC,3
Clsa,3
Codevian Technologies,3
Circle K,3
Cognitio Analytics,3
Talentico Consultancy Services,3
Simpliigence,3
Stratycon Business Solutions Pvt Ltd,3
Worldline,3
Covergo,3
Getoncrm Solutions,3
Rearc,3
Keywords Studios,3
delaPlex,3
Opplane,3
Multicloud4u Technologies,3
V Patrol,3
TMP Worldwide,3
Talentoj,3
NuStar Technologies,3
Trigger Education Services,3
V2 Retail,3
IPE Global,3
Magellanic Cloud,3
R Systems International,3
Alt-s Technology,3
Cambium Learning Group,3
Groundtruth,3
Nikhil Medico,3
Covalense Global,3
TOP MNC,3
Signify,3
Bolster,3
Valeo,3
TIGI HR SOLUTION PVT. LTD.,3
Magna International,3
Levi Strauss,3
Infovision Labs,3
Pice App,3
Tower Research Capital,3
Saguna Consulting Services,3
Fluor,3
Bravura Solutions,3
Western Digital,3
Global Survey,3
Automatiq,3
Project Tech4dev,3
Kaseya Software,3
Sumedha Softech,3
Ochin,3
Mansa Inc.,3
East India Securities,3
Vivirooms Ecomm,3
Finthrive,3
The Hi Tech Robotic Systemz,3
Anra Technologies,3
Integreon,3
ASL HR Solutions Pvt. Ltd,3
Swiggy,3
Cbts,3
Hoffmann La Roche,3
Qube Cinema,3
IMC,3
e Zest,3
Shavish HR,3
Tvarit Gmbh,3
Data Axle Solutions,3
Anrgi Tech,3
Axicorp,3
Fecund Software,3
Alcon Laboratories,3
Coindcx,3
ALT Digital Technologies,3
Acro Technologies,3
GS Lab Gavs,3
Gray Acumen Technologies,3
Tronlogix Tech,3
Teliolabs Communication,3
Virtuetech Inc,3
Colan Infotech,3
Btree Systems (opc),3
Adhiran Infotech,3
Myridius x Aethereus,3
Verdantas,3
Trimble,3
Nusummit Technologies,3
DATATERRAIN LTD,3
Inspiration Manpower Consultancy Pvt. Ltd.,3
APA Engineering,3
Zealogics.com,3
Vertex Computer Systems,3
TRY Logic Soft Solutions,3
Trai Inc,3
ICICI Prudential Life,3
Bitbybit Solutions,3
Reboot Xp,3
Blue Chip Hr Solutions,3
SRKay Consulting,3
Coditation Systems,3
Crisp Analytics or Lumiq,3
Circles,3
Dataalpha Ai,3
Provana,3
Neuralix Ai,3
Billions United,3
TELUS Digital,3
SRM Technologies,3
AIS business solution,3
Aimler Solutions,3
Deepspatial,3
Elite Wealth Advisors,3
Azul Arc,3
SVP Infotech,3
PristineAI,3
Concord Infrastructure,3
Jman Group,3
Itech India Chennai,3
BLACK & WHITE BUSINESS SOLUTIONS,3
CapeStart,3
Artpark,3
Graviton Research Capital,3
Aabhyasa Technologies,3
NTT DATA,3
Spar Krognos Marketing,3
Mr. Cooper Group,3
Fusemachines,3
ANTI-Ai PRIVATE LIMITED,3
Omnicom Global Solutions,3
Computacenter,3
Azentio,3
anagha@wizecareers.com,3
Adyog,3
Aionos,3
Progient Labs,3
Msbc Group,3
Flexm,3
Axis Services,3
Hack2skill,3
Successive Digital,3
IQVIA,3
Nineleaps,3
Tata Elxsi,3
Applied Materials,3
Hiring for Leading MNC Company,3
Now vertical,3
MOL Information Technology India Pvt Ltd,3
Arohan,3
Gramener,3
Coffeebeans Technologies,3
Huntertech Ventures,3
Yokogawa Electric International Pte,3
EMBARK SERVICES PRIVATE LIMITED,3
Natobotics Technologies,3
Purview India Consulting and Services,3
Mindtickle,3
Intellect Design Arena,3
Greysoft Solutions,3
Bista Solutions Inc,3
Mobitrail,3
Primesoft Solutions,3
Snapwork Technologies,3
Mango Sciences,3
Useready,3
Credgenics,3
Edubridge Learning,3
Zero Gravity Photography,3
Revol Process Solutions,3
A5 Labs,3
gray matrix solutions,3
One Of the MNC Comapany,3
CIEL HR,3
"inVentiv Health Clinical SRE, LLC",3
Client of Anthroplace,3
Exide,3
Blazop,3
Pmr Softtech,3
Denodo Technologies,3
Zeronorth,3
Fugro,3
Rolling Arrays,3
D3V Technology Solutions,3
Netweb Software,3
Kaizen Institute,3
Bryka Electrosystems & Software,3
Futurepath Ai,3
Mibura,3
SEO Orb The Growth Acceleration Framework,3
True Choice,3
Matsci Ai,3
Dalisoft Technologies,3
Deets Digital,3
Ovitech Solutions,3
CMMI L5 Company,3
Intigniz Solutions,3
Insignia Consultancy Solutions,3
iit jobs,3
Nauticalinfo Solutions,3
Credentek Software & Consultancy,3
Refonte Infini,3
Sleek Tech,3
Spring Health Water,3
Dbiz.ai,3
Oportun,3
NEC Software Solutions,3
Abbott,3
Ascendeum,3
Miracle Solution,3
Principal Global Services,3
Majesco,3
WFA Consultants,3
CareerFocusConsultancy,3
TechUnido,3
ValueAdd,3
Leading Asset Management Firm,3
Weblee Technologies,3
Srmb Srijan,3
Uparcel,3
Idea Elan,3
Oerlikon Balzers,3
Tekclan,3
Mindera,3
Prabha Solutions,3
Expert App Devs,3
Vertiv Group Corp,3
Pune Based Next Gen DIgital Engineering Enterprise,3
Mycitypune,3
Tanishqa Quintessence Management Services,3
Wayfair,3
Air Liquide,3
Coderound Ai,3
IT Sphere,3
Reelo,3
Finjo,3
Manektech,3
Squirrel Softech Services,3
Glib,3
Csk Technologies,3
Facts N Data,3
Trueledge Hr And Accounting Services,3
Mount Talent Consulting,3
Nihilent,3
Innoverv Global,3
Hitachi Vantara,3
Seaportai,3
Aaxeleron,3
Infotel Uk Consulting,3
Ramboll,3
Artic Consulting,3
Arroact,3
Petpooja,3
Omnimd,3
Evince Development,3
RK HR MANAGEMENT,3
Infibeam Inc,3
Devangles Software,3
Veeda CR,3
Hirani Associates,3
Lagozon Technologies,3
Linkageit,3
Voiceplug,3
Motivity Labs,3
Capital Placement Services,3
Meesho,3
Pegasus Knowledge Solutions (PKSI),3
Satsure Analytics,3
Bombay Softwares,3
NJ Group,3
Proofpoint,3
Adytuminfotech,3
Weboccult Technologies,3
Navia Energy,3
Forneu,3
Pronix It Solutions,3
Baffle,3
Drive Terra,3
Prowebhill,3
Keylent,3
Humancloud Technologies,3
Winjit Technologies,3
Bharatnxt,3
Sarvam,3
Cardinal Health,3
CDW TECHNOLOGIES INDIA PRIVATE LIMITED,3
Retransform,3
Inginit,3
Bright Infotech,3
BVG India,3
Hitech Human Capital,3
Smytten,3
United HR Solutions,3
Nexucon Consultancy Services,3
Zakapps Software,3
ION,3
Placement Pandits Consulting,3
Doodleblue Innovations,3
Victrix Systems & Labs Pvt. Ltd.,3
Client of CAREER PATRONAGE,3
Modulr,3
Revenue Technology Services,3
EXCELPTP,3
Raapid,3
University Of Cambridge,3
Shreeyaansolusmart,3
World Wide Technology,3
Dr Agarwals Eye Hospital,3
Talentica,3
Tecnoprism,3
Leading ITES Company,3
Medpace Clinical Research India,3
Vivid Techno Solutions,3
Accrete.AI,3
Boomi Software,3
Airamatrix,3
Lets Viz Technologies,3
BM Digital,3
Skyleaf Consultants,3
Umanu,3
Doshion Polyscience,3
Lubi Electronics,3
Emendate India Bpo,3
Ansell,3
Newfold Digital,3
Sun Pharma,3
Innofied,3
ZINFI,3
Quantum Learnings,3
Data Engineer for Leading CMM Level 5 Compnay,3
Seikor,3
Shyftlabs,3
ANR Software,3
Priceline,3
Science Systems & Applications,3
Cardinal Drugs Ltd.,3
Kintellect Partners Llp,3
Algoleap Technologies,3
Talentall Recruitment Services,3
Xceltec,3
Aristocrat,3
Techahead Software,3
Successive Technologies,3
Appinventiv Technologies,3
sigfig-2,3
Deals4loans,3
Nest Digital,3
TTK Services,3
Devotrend,3
Total Shape,3
Swift-logix Solutions,3
Shell Info Technologies,3
Talent Socio,3
Business Brio,3
Khan Academy,3
Walking Tree,3
Better Mortgage,3
Nucleus Software Exports,3
HDFC Life,3
Capita,3
Gateway International,3
Hackerrank,3
Jumio Corporation,3
Global It Family,3
Wabtec,3
TEM Association,3
Experian,3
Global Industrial,3
Beckman Coulter,3
Fiftyfive Technologies,3
Winzo,3
Digital Global Services,3
The Scholar,3
Gresham Technologies,3
Drip Capital,3
TalaKunchi,3
AnandRathi,3
Affle,3
Insurity,3
Sociomix,3
Puma Energy,3
Hiring Squad,3
Rama Medicare,3
Techy Geek Hub,3
Voya India,3
Neuron7,3
Popreach Technologies,3
Motilal Oswal Financial Services (MOFSL),3
Prodigy Infotech,3
JSW Steel,3
Hiring for client,3
Technical Offerings & System Solutions,3
Amlgo Labs,3
Valueonshore,3
Wartsila,3
Eclinical Solutions,3
Remotestar,3
Yum! India,3
Plative,2
Skillnet Solutions,2
Icit,2
Geecon Systems,2
Sakash Group,2
Zenvior Technologies,2
Digiinterface,2
Envecon It Systems,2
Anayasmi Infotech,2
Vakils Premedia,2
Insight Global Technologies,2
Website Developers India,2
Valuenable,2
Fortune 500 IT Services Company,2
Product based IT Company,2
Mitr Learning Media,2
EPPS INFOTECH PVT LTD,2
Quantfunda Solutions,2
Esoft Solutions,2
Siclarity,2
Chowgule Mediconsult,2
Droom Media,2
rimpac,2
Mishipay,2
Koireader Technologies,2
Ganit Business Solutions,2
Relevance Lab Inc,2
Gridlogics Technologies,2
sharpheads,2
Millipixels Interactive Llp,2
Mirafra,2
Innovatexiq Solutions,2
Teksystems,2
Playo,2
Bottle Lab Technologies,2
Onprice Infotech,2
Cellstrat,2
Emids Technologies,2
Bonami Software,2
Hackveda,2
Enflexis Solutions,2
Eglogics,2
Intellioz Solutions,2
Netcom Learning,2
Netedge Computing Solutions,2
Gaia Smart Cities,2
JK Technology Services,2
Suventure Services,2
Synergyworks,2
Intelgic Technologies,2
Agiliad,2
Hireginie Talent Cloud,2
Locus It Services,2
Symphonyincubator Business Services,2
Global Technology Company @ Pune,2
Data Collection Infotech,2
Global Technology Solutions Company @ Pune,2
Mascot E Services,2
Versante Software Technologies,2
Applied Data Finance,2
CBA Cross Border Associates,2
Briefly,2
Nuvant Consulting Group,2
Workiy Technologies,2
Iris Info,2
TRooTech,2
Swec Education Immigration Services Llp,2
Dgliger Consulting,2
GSR Business Services,2
Nam Info Pvt Ltd,2
i-Qode Digital Solutions Private Limited,2
Easyrewardz Software Services,2
Altraize,2
Yocreativ,2
Data Infovision P,2
PB Partners,2
Nile,2
Mindlink Infotech,2
VED Infomedia,2
Rivulet Digital,2
Madhda Business Solutions,2
Uncanny Consulting Services,2
IndiaNIC,2
Finbyz Tech,2
Dynatech Systems,2
Process360,2
Diagnal Technologies,2
Infocastel,2
Arcs Technologies,2
Coppertaurus Technologies And Consulting,2
Nicco Ventures,2
Robestek Solutions,2
Chord Technologies,2
Signzy,2
Clix Capital Services,2
FieldAssist,2
"Medocity, Inc",2
Indian Service Based Company,2
Novel Patterns,2
The Glove,2
Multiverse Solutions,2
ArohaTech,2
Welocalize,2
Majid Al Futtaim,2
Neuronimbus Software Services,2
Cloud Analogy,2
unionsystems technologies,2
Savitr Software Services P,2
Cognyte Analytics India,2
Talent Cabin,2
Agm Infra Solutions Private Limited,2
SDG Corporation,2
Ingold Solutions,2
TechMatrix,2
Techneplus Software India,2
Alcor,2
Agaram Infotech,2
Oasys Cybernatics,2
Sonata Software,2
Apollo Pharmacy,2
Techshu Consultancy,2
Verizon Media Group,2
Temenos,2
Redcliffe Labs,2
Suki Software Solutions,2
Shakti Infosolutions,2
Stri Consulting,2
Evonsys India,2
Cyient,2
Egdk,2
Infiniti Research,2
Ecordon Solutions,2
Cardekho.com,2
Preqin,2
Solulever,2
Tsaw Drones,2
Koenig Solutions,2
Editorialist Yx,2
The Closing Gap,2
SOLVERMINDS Solutions & Technologies Pvt.Ltd.,2
Leading IT Company,2
TalentAll Recruitment Services,2
Expert Solution Technologies,2
Mizuho Global Services,2
Stradegi Solutions,2
Propel Technologies Inc,2
Episode Six Inc,2
Twixor,2
Virtuoso Staffing Solutions,2
Nila Apps,2
Verisk,2
Quantum India Group,2
Myhq,2
Amity Software Systems,2
Cognex Technology,2
Finlender,2
Saasworx Consulting,2
India Mortgage Guarantee Corporation (IMGC),2
Rol Consultancy Faridabad,2
Marsh Risk,2
Dselva Infotech,2
AKS Websoft Consulting,2
Travelwings Com,2
Mamaearth,2
Adecco India,2
WPP Production,2
Boston Scientific,2
Dunnhumby,2
Panamoure,2
Intellinet Systems,2
FNZ Group,2
Patch Infotech,2
NLB Service,2
National Australia Bank (NAB),2
Audax Labs,2
Alletec,2
workxmate,2
CLOUD STRAT,2
Eazy Erp Technologies,2
Eazy Dms,2
Kirloskar Industries,2
Ikigai Labs,2
Bizviz Technologies,2
Vegapay,2
Volvo Auto,2
Softdel Systems,2
EdgeVerve Systems,2
Impact Analytics,2
Showpad,2
Amuraindia Software Solutions,2
Baranwal Consultancy And Services,2
Shipco It,2
Spanidea,2
SPAR Solutions,2
Harbinger Systems,2
Sensata Technologies,2
Latent Bridge,2
Idemia Syscom,2
Optimus Information,2
Digital Piloto,2
Clirnet Services,2
Brainware University,2
mPokket Financial Services,2
Vidpro Consultancy Services,2
Nexzu Mobility,2
Nomura Research Institute India Pvt Ltd ( NRI India ),2
Xerox Business Solutions Southeast,2
Finzly,2
Scan IT,2
"Allscripts(India) LLP, ultimately a subsidiary of Altera Digital Health Inc.,[Altera India]",2
Aliengena Captive,2
Phoenix Knowledge Management,2
Merck Sharp & Dohme (MSD),2
Anchanto Services,2
Ample Enterprise Technologies,2
Iiedm,2
Entero Healthcare Solutions,2
Becton Dickinson,2
Hyperion Materials & Technologies,2
Wijungle,2
Mount Intra Finance,2
IWG Plc,2
SKS Enterpprises,2
Crayontek,2
Greyamp Consulting Services,2
Nykaa,2
Surya Software Systems,2
Codespaze,2
Idemia Group,2
Polestar,2
Impactqa,2
FMC,2
Openlm India,2
Savista,2
Kliento Technologies,2
FCI CCM,2
Appsinvo,2
Quantum Phinance,2
SGS India,2
Axis Finance (AFL),2
Ebixcash Worldmoney,2
First Flight Couriers (FFCL),2
Wcities,2
Madsmania Edutech,2
ThoughtWorks,2
Galderma,2
Bandhan Life,2
Truhome Finance Ltd,2
Datagrid Solutions,2
Jasper Tech Labs,2
Insights India Relationship Management Services Pvt. Ltd.,2
Celusion Technologies,2
D2K Technologies,2
Navtor,2
Violet Infosystems,2
Cognext,2
Think Hall Training And Consultancy,2
Runwal Realty,2
Rejolut A GenAI Web 30 Company,2
Attulya Bhaarat Software Solution,2
PENTOZ,2
PM AM Corporation,2
Germane Analytics,2
C2L BIZ,2
BIG4,2
Netscribes,2
Flyonit Infrastructure,2
Navigators Software,2
Neuraflash India,2
CG Infinity,2
Visdum,2
Saxon Global,2
Techcarrot Fz-llc,2
A client of Cloud Talent Search,2
RISEBIRD,2
Inference Labs,2
Innov7 Lab,2
One of The MNC company,2
Jio,2
Fabric,2
Nelito System,2
Credence Analytics,2
Achnet,2
Xyram Software Solution,2
Astreya,2
People10,2
Diligent,2
V2SOLUTIONS,2
NuStar,2
Geeksoft,2
Renault Nissan Technology & Business Centre India,2
Chisquarelabs,2
Husky Injection Molding Systems,2
Myndroot,2
Mahiruho Consulting Services,2
Objectways Technologies,2
Cantik Technologies Pvt Ltd,2
Kairos Technologies,2
Wilco Source,2
Dynpro,2
Integra Software Services,2
Blocktxm,2
UFS Networks,2
Big4 Company,2
Web Synergies,2
Global Technology Company @ Pune (Kothrud or Baner),2
E Solutions It Services,2
NVISH,2
Metaforge IT solutions,2
Visara Human Capital Services,2
illumifin,2
Appzoc,2
Sprinklr,2
Anyworks In,2
Digitide Solutions,2
Appstrail Technology,2
One of our Leading Software MNC,2
EXL Services,2
Coginsys Technology,2
Banking Organization,2
Meyrahkee,2
Aarch Solutions,2
Fiddich Consulting,2
BOT Tech,2
Ibs Fintech,2
Arena Investors,2
Euphoric Thought Technologies Pvt Ltd,2
Protocol Zone,2
Getondata Solutions,2
Oplinnovate,2
Tatvic Analytics,2
R3coder,2
Eduberance,2
InfoLabz IT Services Pvt. Ltd,2
Nupeak IT Services Pvt Ltd,2
RightWave InfoSolutions (Pvt) Ltd.,2
SuperProcure,2
Ezeeroll,2
Stanra Tech Solutions,2
Rezo,2
"Top B2C/B2B Corporate,MNC in IT Services Domain",2
TrueTech Solutions,2
Xiphias Software Technologies,2
OnTime Global Pvt Ltd,2
Actualize Consulting Engineers,2
Acro Hr Solutions,2
Internal,2
Scalable Systems,2
Xtag Services,2
Yallo Retail,2
Panasa,2
Zimperium Inc.,2
Cojective Labs,2
Ensemble Health Partners,2
Zynofus Technologies,2
IBS Software Services,2
Clustrex Data,2
Bandi Informatics,2
Swaas Systems,2
Radixweb,2
Integrity Knowledge Services,2
Mario Elevate Llp,2
Vinculum Solutions,2
Client of United HR Solutions,2
United Hr Solutions,2
Masscom Corporation,2
Ramesh Parasmal Jain & Co.,2
Esparkbiz Technologies,2
Dinjan Infotech,2
Otelier,2
Advanced Risk Analytics,2
Surbhi Finsec,2
Sangita Infotech,2
Perficient India,2
Cvviz Softwares,2
Mindstech Recruitments,2
Data First,2
KR It Solutions Bengaluru,2
CBNITS,2
HUCON Solutions,2
"Top B2B Corporate, Management Consulting Firm",2
Cheq Digital,2
Prishatech India Pvt Ltd,2
Omnissa,2
Netradyne,2
An international BPO,2
client of Anlage,2
Group Ugx Systems Gurugram,2
Dentsply Sirona,2
Novumgen,2
Pacific Global Solutions,2
Wappnet Systems,2
Softweb Solutions,2
Dataorb Inc.,2
Kanerika Software,2
Wpweb Infotech,2
Growth Heist,2
Kamlax Technologies (opc),2
Hollister Medical India,2
edWisor.com,2
ZS Associates ( India ) Pvt Ltd,2
Wiztango,2
Alphacom Systems And Solutions,2
Zetwerk,2
Oroprise Solutions,2
Cfs-zipp,2
Optisol Business Solutions,2
Data Software Research Company (DSRC),2
SIGMA,2
Galaxy Health Insurance Company,2
Silverlink Technologies,2
Akuntha Projects,2
ISEARCH CONSULTING SERVICES,2
Tekskill,2
Ahom Technologies,2
Nice Software Solutions,2
Lytika Co,2
The Digital Group Infotech,2
Foray Software,2
Liebherr Appliances India,2
Assent,2
Synergy Group,2
Buckman,2
Nordex Group,2
C1X,2
Iboon Technologies,2
Nividous Software,2
Parex Technologies,2
Nascent Info Technologies,2
Sandcup Design Studio,2
Matiyas,2
Stefanini,2
REG Education & Immigration,2
Market Pulse,2
Teladoc Health,2
"One of the leading IT Firm in Government projects in India, UAE & USA",2
Central Depository Services,2
Intech Creative Services,2
Data Center Design,2
electronics,2
Qube Research And Technologies,2
Ns3techsolutions,2
Prudence Analytics Software Solutions,2
BCT Consulting Private Limited,2
Cloud Raptor,2
Banyan Data Services,2
AxionConnect,2
Bigtapp,2
o9 Solutions,2
Relanto,2
Iquanti,2
Lifesight,2
Talent Drive Consulting (Hiring for a Reputed Digital Marketing & Media Company),2
Kimberly-Clark Corporation,2
Inmobi,2
Aelius Consultants Pvt. Ltd.,2
Bitgo,2
Eastvantage,2
SE Mentor,2
Mystifly Consulting,2
Innoventes Technologies,2
Encodedots,2
Ecosmob Technologies,2
Groupe Credit Agricole,2
Prakash Software,2
Pixiebytez Innovations,2
Sndk Corp,2
Innodel,2
Webs Optimization Software Solution,2
Infiligence,2
Teamlease Digital,2
Hotfoot,2
Gitakshmi Technologies,2
Prescience Decision Solutions,2
Agm Infra Solutions,2
ATS Corporation,2
Sagous,2
Zeomega Infotech,2
Caprus It,2
Naukri E-hire,2
other,2
Eli Lilly And Company,2
EVERSANA India Pvt. Ltd,2
Tranzeal,2
"AI-driven SaaS for web, mobile and API testing",2
KAS Services,2
TSIT Digital Technologies pvt ltd,2
Norwin Technologies,2
EduRun Group,2
Peoplelogic Business Solutions,2
Johnson Electric,2
Jman Digital Services,2
Synergy Maritime,2
Vikruthi Technologies,2
Rentable Co,2
Venture Smarter,2
Digiwagon,2
Aryma Labs,2
Shine Infosoft,2
Quytech,2
Crossfit,2
Leewayhertz Technologies,2
Sailpoint Technologies,2
Shield Ai,2
Treering,2
Embrace Software,2
Quantum Loop Ai,2
Huzzle,2
32co,2
Teikametrics,2
Clickhouse,2
Tquanta Technologies,2
Panj Solutions,2
phData,2
Zoom Info,2
Zoom Start India,2
Mariadb,2
Vulcury,2
Intellify Solutions,2
Ziff Davis,2
Mapup,2
Cognitivecare,2
Intechnative Systems & Services,2
Chegg Inc.,2
orcapod consulting services private limited,2
Vlink,2
Spruce Infotech,2
Dev Information Technology,2
Neura Monks,2
Shaligram Infotech,2
Advaiya Solutions,2
Techify,2
Definitive Healthcare,2
Bread Financial,2
Ingersoll Rand,2
Visar Software Llp,2
Tech SMCSquared GCC,2
Itorizon,2
Camco Technologies,2
VD Consultants,2
Cashcraft,2
DnT Infotech,2
Esolz Technologies,2
with one of our Level 5 Client,2
Bcforward,2
Swami Vivekananda Institute of Science and Technology (SVIST),2
Geotech Infoservices,2
Cal4care,2
Dexlab Analytics,2
KMK Consulting,2
MWB Technologies,2
Ele5 Solutions,2
datavruti,2
Maven Marketing,2
Feathersoft Info Solutions,2
The World Bank,2
TVS Credit Services Ltd,2
ZF,2
We Shine Academy,2
Cloudaims Infotech,2
Cision,2
Omni Reach,2
NextGen Invent,2
Mold Masters,2
Inner Eye Consultancy Services,2
Msh Business Consulting,2
Fly On It India,2
Pinkerton,2
Awiros,2
Nanonets,2
Swaran Soft,2
Fort Technologies,2
Advatix Apac Logistics,2
Balbix,2
Ocrolus East,2
Black & White Engineering Services,2
Emeritus,2
IHG Hotels & Resorts,2
Recruito,2
Access Healthcare,2
Neowaretechnology Solutions,2
Danfoss,2
Agiletech Info Solutions,2
Cognitud,2
Pacific IT Consulting Pvt Ltd,2
A client of Symphoni HR,2
Adya Wifi Metering,2
Hypersonix,2
Tekmetric,2
Lateetud,2
Nordson Corporation,2
Hughes Systique,2
Upadpro Software & Services,2
Emicon Advisory Services,2
Docyt,2
Evoke HR solution,2
TechPerspect,2
Dpdp Consultants,2
Oswaal Books,2
Fan Tv Ai,2
Texlon,2
Monotype Solutions India Private Limited (India),2
Aeris Infrastructures,2
Aeris Communications,2
Ibcscorp,2
MJC Globaltech,2
State Street,2
Newton School,2
Authentic Staffing Agency,2
Ideapoke,2
MakeMyTrip,2
CommerceIQ,2
ZF Steering Gear India Ltd.,2
Smart Energy Water,2
Elfonze Technologies,2
Cialfo Solutions,2
Galytix Analytics,2
Abcloudz,2
Upstack,2
Brown Tech Int.,2
Irth Solutions,2
Finnup Solutions,2
OneGTMLab,2
Radon Global Tech Services Hyderabad,2
Impressico Business Solutions,2
Servoedge Technologies,2
Mirketa Software,2
Arizon Infocom Private Limited,2
UKG,2
Barco,2
Eximietas Design,2
Zynoviq Solutions,2
Naukri E Hire Campaign,2
GainInsights Solutions Pte. Ltd,2
Wood India Engineering & Projects,2
Particle Black,2
TekWissen,2
Global Foundries Inc,2
Eloelo,2
Khatabook,2
Tesco,2
Stanley Black & Decker,2
Sabre,2
Clairvolex,2
TecOrb,2
Culture Holidays,2
Sebone Technologies,2
Oddball,2
Komodo Health,2
Poppulo,2
Sezzle,2
Paxera Health,2
Arctic Wolf Networks,2
3Pillar,2
Konrad Group,2
InfoStride,2
IT Monteur,2
Wingify Software,2
AI Touch,2
Pls Lawyers,2
Leading Global Consulting Firm,2
Automotive Manufacturers (AMPL),2
Aligned Automation,2
RIA Advisory,2
Telefonica,2
BIZ2X Platform Private Limited,2
Inteliment,2
Vidushi Infotech,2
Orangebits Software Technologies,2
Innowave360 Consulting Private Limited.,2
N Consulting Global,2
Guidepoint,2
HSBC,2
Jigya Software Services,2
Big 4 Accounting Firms,2
Client of EDGE,2
"Our Client is an AI Company, data engineering, and business consulting firm. Headquartered in Blr",2
SNS System,2
8848 Digital,2
Auctor Corporation,2
Rexus Group,2
Innover Digital,2
Atlassian,2
US MNC,2
Elintex Technologies,2
iQuest Management Consultants,2
Creative Synergies,2
Dhruva Automation & Controls,2
Techverito Software Solutions,2
Peoplefy Infosolutions,2
Silicon Image India Research Development,2
Returnonweb Consulting Services,2
Adient,2
quadric.io,2
Rvega,2
Paramatrix Technologies,2
Parity Cube,2
V3 Staffing,2
Flyways Softwares And Solutions,2
Truefoundry,2
Reputed MNC,2
Lucideus Tech Pvt Ltd,2
Safe Security,2
Reputed IT Company,2
Fss: Financial Software And Systems,2
Utthunga Technologies,2
Cloudphysician Healthcare,2
Leading IT Consulting MNC,2
Blue Star,2
Mediaradar,2
Pinnacle Group Inc,2
Beroe,2
Axiametrics,2
Techup Labs,2
Scopic Software,2
Sadhana It Solutions,2
Qloron Technology,2
Sourceease Hr Services,2
Valenta Bpo Solutions,2
Justlead.in,2
Tilda,2
Pristine It Code,2
Top MNC Company,2
Vodafone Idea Limited,2
Paktolus Solutions,2
TSS Consultancy,2
Digiboxx Technologies And Digital India,2
Brainwonders,2
Crimson,2
Fornax,2
Truebil,2
DTC Infotech,2
Holcim,2
Subhujo Technologies,2
Naaptol Online Shopping Pvt. Ltd.,2
Omnibridge Infotech,2
Aegis Institute Of Cyber Security,2
Aionomy,2
Qualitykiosk Technologies,2
Vipany Global Solutions,2
PROTECTT.AI Labs,2
Nugen Intelligence,2
Sapwood Ventures,2
Mindfount Infotech (opc),2
Neev Advisory Research & Consultancy Services,2
Incedo,2
Sindhuja Micro Credit,2
Workforce Next,2
Indian School of Business & Finance (ISBF),2
Bain,2
PCI India,2
LKQ India,2
The Briminc,2
PRODAT,2
Snowrelic,2
Enterprisedb Software,2
TVS Motor,2
Kuku Fm,2
Enphase Energy,2
Sutherland,2
Aptean,2
TAC Security,2
Solarwinds,2
Dell Technologies,2
Commvault,2
Haier Appliances,2
Tracxn,2
Cloudonhire,2
Mercari,2
Etomate Technology,2
Habuild,2
Regalix,2
Mashreq Global Services,2
Gokaldas Exports,2
Indegene,2
Covasant Technologies,2
Saviynt,2
L&T Technology Services (LTTS),2
Kimberly Clark Hygiene Products,2
TRUSTKLUB Consulting,2
M&G Global Services,2
Euprime Consulting,2
HR India Solutions,2
Siemens Healthcare,2
Pibit.ai,2
Analogyx Bi,2
Fello,2
Aarti Industries,2
Specialist Advisory & Intervention Group (SAIG),2
Talisman Hr Solutions,2
Pharmatek Consulting,2
Grapdes,2
Enthuziastic,2
M&S Consulting,2
Xpt Consultancy Software Services,2
A Leading IT Services Company,2
Biz-metric India,2
Gitlab,2
Tricona Digital,2
MLM Yug,2
Sunrays Image Technology,2
Gruve,2
Precisely,2
TESTQ Technologies,2
Appfillip,2
INFINX,2
Adapty Solutions,2
Edetek Inc,2
The Depository Trust & Clearing Corporation (DTCC),2
IBS Intelligence,2
Nestle,2
Allen Digital,2
Swits Digital,2
Nthinsight,2
Bombay Play,2
Superhuman Race,2
Stackadroit,2
Astegic,2
Strategic Business Systems,2
Alphasense,2
2070 Health,2
TaskUs,2
Flair Labs,2
Auxoai,2
Seven N Half,2
Ohara IT Solutions,2
Future Tech Enterprise,2
Tradebyte,2
Candor Health,2
Corporate Chanakya Services,2
Purple Marketing,2
Nyasa Enterprise,2
Vitely Bio,2
Innovative Engineering Products,2
Uniplace Overseas,2
The Mansion,2
SP Infracon,2
Astellas Pharma,2
Bridgestone - Global Capability Center,2
Hire Techly Solutions,2
3M India,2
Trintech,2
Masai School,2
Okta,2
tsworks,2
Revenera,2
Scmworx,2
Actowiz Solutions,2
Future Healthcares,2
Comet Performance Chemicals,2
Plastemartjobs,2
Lericon Informatics,2
Codemech Solutions,2
Astral Pipes,2
Lambda Therapeutic Research,2
Webential,2
DSS Imagetech,2
Quess Corp Limited,2
Wohlig Technology,2
R For Rabbit Baby Products,2
Shalby Hospitals,2
Sandesh,2
Fuso Glass India,2
Quinite Technologies India,2
mycityband,2
Rudra Alliance,2
Hetfy Software Solutions,2
Halewood Laboratories,2
Horiba India,2
Appitsimple Infotek,2
Webmd Guru,2
SK Finance,2
Zeblearn Technologies,2
Bitcomm Technologies,2
Seven N Consulting,2
Alliance University,2
Waters Corporation,2
EUROPEAN MNC,2
Synchrony,2
Yugabyte,2
Labcorp,2
Edufund,2
Ivy Knowledge Services,2
Sapphire Infocom,2
Shish Jewels,2
Shivaasha Technologies & Services,2
Nepra Environmental Solutions Technologies,2
Hof Furniture System,2
J Brrothers Overseas,2
Dson Infotech,2
Nutralike Health Care,2
Allies Business Hub,2
REPUTED MANUFACTURING & EXPORT HOUSE,2
Clear Quant,2
Ascon Infrastrucutre,2
BCforward,2
TM Management Services & Inspection Pvt Ltd,2
Akrivis Engineering & Construction,2
The British Institutes,2
Fortrea Development India,2
Gear Inc,2
Zyoin,2
Manipal Hospitals,2
Galaxeye Space,2
Reaology Lucknow,2
Pantheon Inc,2
Syansoft,2
Chegg,2
Tethys Technologies,2
Venus Jewel,2
Squareone Insights,2
ACG,2
Neuiq Technologies,2
Rollick Ice Cream,2
Sitaram Spinners,2
Talent Hired-the Job Store,2
Avanti Components,2
Root Computer,2
Actlogica,2
Instance Soft Corp,2
Biz Hero India,2
Mavensworld Training & Advisory Services,2
Tekplay Systems,2
Riveredge Analytics,2
Square Yards,2
Teknuova,2
Stratton Hr,2
Proounce,2
Swathi Business Solutions,2
Walkaroo International,2
Iris Consultants,2
Cleartax,2
Lowes Services India Private limited,2
Navi Technologies,2
Blitzenx,2
Dozee,2
Opteamix,2
Ralph Lauren,2
IT Services and Consulting,2
e-Labs Infotech,2
Bootminds Systems,2
Sadup Soft,2
Equilend,2
Omega Healthcare,2
TGP Growth Partners Llp,2
BCforward India Technologies Pvt Ltd.,2
Anupam Technologies,2
Dar Credit & Capital,2
Prayag Health,2
Urban Company (UC),2
Source Desk Global,2
Tech Exactly,2
Achiievers Equities,2
Dynamic Cables,2
Upstox,2
Unitrestech Solutions,2
Pedagogy,2
Kennect Solutions,2
One Of the MNC company,2
RNS Group,2
Agnik International,2
Fusion CX,2
TEOCO,2
Fitfyles,2
Praudyo Solutions Private Limited.,2
Ekaa Analytics,2
Intello Labs,2
Edhitch,2
AppVenture.,2
Oriserve,2
Center Study Science Technology Policy,2
Xpand,2
World Business Lenders,2
"Advanced Micro Devices, Inc",2
Leatherman Fashion,2
Achiievers Quick Gold Loan,2
Codezin Technology Solutions,2
ITC,2
Kantar,2
9nexus,2
AuxoAI,2
Lauren Information Technologies,2
Hoonar Tekwurks Consulting,2
3Shool Technology Consultants,2
Audacious Minds,2
Marriott,2
Vialto Partners,2
Inkrevenue,2
Sandhar Technologies,2
Lutron Gl Sales,2
Elevondata Labs,2
Coralogix,2
Refract Consulting,2
Book My Tour Now,2
IHFL,2
NLB Services,2
Mobikwik,2
Corning Technologies,2
ATAIN,2
Other MNC,2
"Biltrax Const, Data Research Insight",2
Hersheys,2
Trafigura,2
DMart,2
Neerman,2
Aays Analytics,2
Kompatible Minds,2
Startelelogic,2
Prospus Consulting,2
Cpidroid,2
Attentive Ai,2
Exerevnisi,2
IT By Design,2
TalentPro,2
UnifyCloud,2
Qualitest,2
.,2
Simran Shri Shri International,2
Dimension India Network (DIN),2
Acies Consulting,2
New Opportunity Consultancy,2
Hocco Industries,2
Reputed CA Firm,2
Fincart Finvest,2
Alyssum Global Services,2
Vital Strategies,2
Varaisys,2
NBFC,2
Rpa Infotech,2
Cloudstrats Technologies,2
Byasa Tech Solutions,2
Top B2B MNC in Management Consulting Domain,2
Cogitate Technology Solutions,2
Fleet Management,2
n,2
Sonalika Tractors,2
Medtek Dot Ai,2
Saya Homes,2
Indian School of Development Management (ISDM),2
CRF - Chest Research Foundation,2
Zuree Telecom,2
Magneum Technology,2
Addverb Technologies,2
Nitrodynamics Aerospace & Defence,2
Megistron Media,2
Allele Life Sciences,2
Verkko Group,2
Shipgig Ventures,2
University Living Accommodation,2
Geeksforgeeks,2
Common Service Centres (CSC),2
Appy Pie,2
Hellogtx,2
Call & Whatsapp Sneha @ 8448100705,2
Genus Healthcare Solution And It Consulting,2
Fundvice,2
Precious Metal Recycling,2
Jaguar Security Services,2
Wildnet Technologies,2
Notion Online Solutions,2
Vensysco Technologies,2
Dharampal Satyapal Group (DS Group),2
moglix,2
Ample Softech System,2
Jash Data Sciences,2
Jabil Circuit India,2
Innowise,2
Scimitar Research,2
Ikrux,2
Datamatics Staffing Services Pvt Ltd,2
TransOrg,2
Kokan Ngo,2
Dexter Capital Advisors,2
Across Assist,2
Technum Opus,2
Insider Biz,2
Trillectric,2
Involead,2
Neoteric Research Consulting Services,2
Service based Mid-Sized B2B Firm in IT Services,2
Coreehs,2
Butobox,2
A J Mohan & Associates,2
Smartworks,2
Ascent E Digit Solutions,2
Westlisoft Technologies,2
Mitrata Financial Services,2
Hermit Coffee,2
Universo Realtors,2
Cameo Corporate Services,2
Aarush Impact,2
Pelltech Healthcare,2
Golden Opportunities Pvt Ltd,2
BDS Services,2
Coverfox,2
Bright Future,2
Brookfield Asset,2
Thornton Tomasetti,2
LSI Micro Marketing Services,2
Polycab,2
Datamatics,2
Fourty60 - Website Designing & SEO,2
Club Oxygen,2
Stepinn,2
Yoursdesk Bizcon,2
Adidas,2
ACV Auctions,2
Sedin Technologies,2
Sciffer Analytics,2
Gforce Consulting Solutions,2
Global Talent Track,2
Bluphlux,2
CN Solutions,2
TAO Digital,2
Gboxz Technologies,2
Lifecell,2
Revature,2
Sanmina,2
Zuntra Digital,2
Zinnov Management Consulting,2
Botminds,2
Sysarc Infomatix,2
Bajaj Financial Securities,2
Deepintent,2
Atgeir Solutions,2
Workday Inc,2
VOIS,2
Acmasoft,2
Kellogg Brown & Root (KBR),2
A MNC Client of GSN,2
Evoke HR solutions private limited,2
RRD Global Outsourcing,2
Rusada Aviation,2
Stantec,2
Sisco Jobs,2
Dotsolved Systems,2
AlgoAnalytics,2
Aventior Digital,2
Demandbase,2
Innovant,2
TechAffinity,2
Coursevita,2
Suredrive Assist,2
Careervira,2
Akamai,2
IIFL Home Finance,2
Takshashila Consulting,2
Almonds Ai,2
Econ Climate Fund,2
CEEW,2
Religare Broking Ltd,2
Planet Ecom Solutions,2
stenohouse,2
British Council,2
Renee Technologies Pune,2
Hiringeye Solutions,2
Medline Industries India Private Limited,2
Forward Biz,2
NR Consulting,2
Elite Exceed,2
SAS Research and Developement (India) Pvt Ltd,2
RUDRA ANLYTICS,2
Hexonica,2
Fold Health,2
Interra Information Technologies,2
A Private Sector Bank,2
Rohan Builders & Developers,2
Yamaha Motor Solutions,2
Milliman,2
Myfollo,2
Daiom,2
STEM Healthcare,2
Reliance Games,2
Rocket Software,2
Cloudkeeper,2
Acuity Analytics,2
Credence Digital Marketing,2
Zipaworld Innovation,2
Essex Lake Group,2
others,2
Steno House,2
Aero Flight Technology,2
Roblox,2
Clearview Healthcare Partners,2
Surya Food Agro Limited,2
MD India Health Insurance TPA Pvt Ltd,2
EIPL,2
Jupiter Consulting,2
SYSTRA,2
Makunai Global Technologies,2
BSI Group,2
Vitraya Technologies,2
YMI Ghar Soaps,2
Vigoursoft Global Solutions,2
Nbits,2
Energy Exemplar,2
Tele Tnfotech,2
Iitjobs Inc.,2
Parkar Global Technologies,2
Alp Consulting,2
Aurionpro,2
Worldpay,2
Sthapatya Software,2
TIBCO,2
Ecozen Solutions,2
Sakon,2
3P HR Consultants,2
Globots International Limited,2
Creative Web Mall,2
Aristocrat Technologies Inc,2
Dmacq Software,2
Forward,2
C3 AI,2
pulseData,2
Bayer,2
MediaMath,2
Duolingo,2
Electric Hydrogen,2
Anblicks,2
Havas Group,2
Liberty Mutual Insurance,2
BigHat Biosciences,2
The University of Chicago,2
SETI Institute,2
Cobbs Creek Healthcare,2
Dataquestcorp,2
Discord,2
YT Global Network,2
excelon solutuion,2
Hunter Engineering,2
Vetro Tech Inc,2
Mediamint,1
BAY Area Technology Solutions,1
Babaji Shivram Clearing & Carriers,1
Dlux Tech,1
Tribes Communication,1
Serole Technologies,1
"Kontoor Brands, Inc.",1
Novisync Solutions India,1
The Geographic Planning Collaborative Group,1
Prudas Technologies,1
Cloud Angles Digital Transformation,1
Skilliantech,1
Lance Labs,1
Centillonair Tecno Solutions,1
Notiva,1
Proxsoft Technologies,1
Idealake Information Technologies,1
Prodigit,1
ELK Education,1
Avati Consulting Solutions,1
Werq Labs,1
Atidan Technologies,1
Esmech Equipment,1
Spring Time Software,1
Copious Software,1
Demazi Technologies,1
Assetbridge,1
Logicmotive Consultant,1
Voiceoc Innovations,1
Utimaco,1
Ananta Labs Rajkot,1
Mindtris,1
Tealvue Software Solutions,1
Elearning Solutions,1
Xplorelogic,1
Techocipher It Solution,1
DMS Strategy Consulting,1
Mindzvue,1
Thyssenkrupp Polysius,1
IFS India Mercantile,1
Patseer,1
Globus Thenken,1
Introspective Market Research,1
Infidigit,1
Payglocal,1
Texala India,1
AM Infoweb,1
Thinkproject,1
Techaim Information Technologies,1
Infimetrics Info Solutions,1
Schmalz India,1
Syngenta,1
Digit88,1
ALLIANZ SERVICES PRIVATE LIMITED,1
Agco Corporation,1
Bitwise Solutions,1
Manlitics B2b Ites,1
Technogeekz,1
HNR Tech,1
Sysmic,1
Yapsody,1
Concept Biu,1
Tata Classedge,1
ORION SYSTEMS,1
Tangibleheed Infotech,1
Central Business Solutions,1
bluCognition,1
Doosrigaadiservices,1
Atomberg Technologies,1
UE Autotech (i),1
Manufapp,1
Conlang International,1
Volto IT Labs LLP,1
Beghou Consulting,1
Ajirasoft,1
Karini Ai,1
Kloudflux Technologies,1
Traveltime Car Rental,1
SP Staffing,1
Fortune Cloud Technologies,1
Pharmaace Innovations,1
Shoreline Iot,1
Vhive,1
Ensono,1
Digit88 Technologies,1
T R Chadha,1
Xplor Tech1 Systems,1
Madison Logic,1
Fictiv Technology Solutions,1
GENZEON (INDIA) PRIVATE LIMITED,1
Aquaconx Solutions,1
Rapidera Technologies,1
Codiste,1
Springer Healthcare,1
The Alchemist Ark,1
Adbanao,1
TAJ CONSULTNCY,1
Astranova Mobility,1
STP Research,1
Purpos Planet,1
Hubhopper,1
Patio Digital,1
Eminenture,1
Techplus Media,1
The Night Marketer,1
Internet Soft,1
Viavi Solutions,1
Landytech India,1
Humanebits,1
Biomed Central,1
Transperfect,1
Instem,1
Wipfli India,1
Market Expertise,1
Ethiqual Global,1
AB,1
IPS group,1
Grand View Research,1
Aexonic Technologies,1
Techspawn,1
Shubham Group Of Companies,1
Valmet,1
Sailo Technosoft,1
Orangebits Digital Solutions Private Limited,1
Roche Information Solutions,1
Techknomatic,1
Sidel,1
Moofwd Technologies India,1
Enculture,1
RLG SYSTEMS,1
Agpulse Analytica,1
ICG Medical,1
Heavy Engineering Industry,1
ARDEM Incorporated,1
B3intelligence,1
Avantor,1
Abbineni Business Management,1
IT Service and Consulting,1
Zobello,1
Avasant,1
Rajiv Gandhi Cancer Institute and Research Centre,1
Forever New,1
Criteo,1
VS2 Digital,1
Highway Roop Precision Technologies,1
Kritikal Securescan,1
Dynata,1
Vehant Technologies,1
Garudauav,1
India's leading executive search and Talent advisory firm,1
Rotostat Services,1
Sage Publications India Pvt Ltd,1
Share Samadhan,1
Studify Success,1
Fareportal,1
NEC Corporation,1
Rezo.ai,1
Amway,1
Treis Solutions,1
Skillkrafter Academy,1
Zypp,1
Om Lab Centre,1
Fiducive Tech,1
PAREKH,1
Dmi Finance,1
Tide Software,1
Hero Fincorp,1
ExpertLancing,1
Product based Company in Online Travel,1
Swaniti,1
Leading Media Brand,1
Travclan,1
orcapod,1
Relaxo,1
Visionary Partners,1
Seven Sea Strategies,1
Hcds Technologies,1
spiro,1
Hilti,1
Ga Software Technologies,1
Sdad Technology,1
Sattva Consulting,1
Data Outsourcing India,1
Turgon Ai,1
Leading client,1
Improx Data And Cloud Consulting,1
Primus Global Technologies,1
Schlumberger India Technology Centre Pvt. Ltd,1
Daic Tech Solutions,1
Norton,1
Intent Amplify,1
Surya Hospital,1
Orange Pet Nutrition,1
Getclarity Fintech Services,1
Smartcall Infotech,1
Nation With Namo,1
Novoxis,1
A1apps,1
Hansuttam Finance,1
Mishra N Co,1
Accredian,1
Ardorcomm Media,1
Ecotech IT Solutions,1
Nirmals Furnishing,1
Oxford University Press,1
First Partners,1
HPL Electric & Power,1
MDH Spices,1
Auriga It,1
Leanquality Solutions,1
Black Gambit Marketing & Technologies,1
Konceptogen Healthcare,1
MRO,1
S P A Enterprise Info Services (India) Pvt Ltd,1
Sarvaha Systems,1
D-Tech Point,1
fluid.live,1
Leading B2B content & digital services provider,1
Azure Power,1
Lloyds Technology Centre India,1
Freedom From Diabetes,1
Int9 Solutions,1
Kapgrow Corporate Advisory Services Pvt. Ltd,1
Alpha Analytics Services,1
Anutham Technologies,1
Impactiva,1
Dendrite,1
Omnicom Media India,1
Teachers Insurance and Annuity Association of America (TIAA),1
Antuit,1
Top Mentor,1
Incanus Technologies,1
Hg Insights Com,1
Stratsmith Private Limited,1
Rhodium Group,1
BOT Vfx,1
Innoppl,1
Assetmonk,1
Protean Staffing Pvt Ltd,1
Pearlsoft Technology,1
Genesys,1
Progmattic Ai,1
Phoneme Solutions,1
QBI Institute,1
Convegenius Edu,1
PSAG Technologies,1
Benovymed Healthcare,1
Mentor E Services,1
Trukky,1
Reconzo,1
Interviewbit Software Services,1
Manasa Mitr Management Consultancy,1
mastertrust,1
Infoseeds,1
Thecloudtree,1
Eicore Technologies,1
Posist Technologies,1
Society For Nutrition Education And Health Action,1
Suryoday Small Finance Bank,1
Apmh & Associates,1
Interactive Brokers,1
DAM Capital Advisors,1
SBICAP Ventures (SVL),1
Harbour Trendz,1
C S Creative Solutions,1
Zeno Talent Chennai,1
Appglide,1
Epropelled Systems,1
Spectrum HR Consultants,1
Auroville Consulting,1
Ascend Performance Materials,1
HELYXON Healthcare,1
Sequoia Applied Technologies,1
S V Scrap Traders Thane,1
247 Healthmedpro,1
Quadratyx,1
Ionixx Technologies,1
Neurealm,1
Updater Services (UDS),1
Aparajitha Corporate Services,1
Saama Technologies,1
Markytics,1
Jason School,1
Segula Technologies India,1
Not Available,1
Northern Arc Capital,1
Lumel Technologies,1
Delibo,1
Access (Triyam Information Technology),1
Amudhalakshmi Systems,1
Kastech,1
Piquota Digital Solutions,1
Protalk Solutions,1
Paydigit India,1
Rapid Care,1
AG Consultancy & Apps,1
A leading Technology Services,1
NewVision Software,1
Octaserv Technologies,1
bijlipay,1
Magellanix Technology Solutions,1
Seaant Web Technologies,1
Codeboard Technology,1
Developer Group,1
Bluebenz Digitizations,1
CES LTD,1
Lloyds Offshore Global Services,1
Leading Bank,1
DCB Bank,1
Healthark Wellness Solutions,1
ITC Worldwide,1
Eulerity,1
Facctum,1
Global Education,1
MIL Laboratories,1
Mizuho Global Services India,1
Akqa,1
Teva Active Pharmaceutical Ingredient,1
Synergix Services Private Limited,1
Agaetis Technologies,1
Zyphra Tech Solutions Inc,1
Srinsoft Technologies,1
Enthralltech,1
Heera Software,1
Phonologies,1
Entytle,1
Deeptek,1
Giskernel Technologies,1
Redbixbite,1
BCC Martech,1
Galactis Ai Tech,1
Zeekable Technologies Tamil Nadu,1
KAY Multimedia Solution,1
FTC Solar,1
ZF Rane Automotive,1
TVS Next,1
STC Third Eye,1
Leading BPO,1
Anamallais Agencies Madurai,1
Nibav Lifts,1
Comcast,1
Versuni Netherlands,1
Bourgault Enterprise Solutions Llp,1
E Merge tech,1
Imarque Solutions,1
Kapston Services Limited,1
Cohnreznick,1
Client of Talent Leads,1
Navin Housing Properties,1
Truliv Properties Services Chennai,1
Singapore based Software Training Institute,1
Talent Tribe Nexus,1
Ivakya Solutions,1
Bizknowmics,1
Hyundai Glovis,1
Accsys Consulting,1
Rego Mobility Simplified,1
Uniphore Software Systems,1
Game Nation,1
vnnogile,1
K Raheja Corp,1
Arting Digital,1
P3 India Consulting,1
Ciber,1
Thinkbioai,1
Brainwave Solutions,1
ISS SDB Security Services,1
Official Gates Technologies,1
IGO Agri Techfarms,1
Michelin,1
Redgrape Business Services,1
Haworth,1
Materials Maintenance Management Company,1
MI Cnc Technologies,1
Freightos,1
Allucent,1
Star Trace,1
Maxxzoom,1
Kh Skill Academy,1
Ecolibrium Energy,1
GLOINNT,1
Dispatch Network,1
Hire IT People Inc,1
Peoplefy Infosolutionss,1
Veritas Software Technologies India Private Limited,1
Homein,1
Nibav Home Elevators,1
Chennais Amirta International Institute Of Hotel Management,1
SNB Associates,1
Damooga Foundation,1
Signals And Systems,1
Antano & Harini Legacy Accelerators,1
Sgr(777) Foods,1
Cloudrock Partners,1
Bloomberg Originals,1
Wow Gift,1
Flipkart,1
Decapods Aquaculture Technologies,1
Indsafri,1
Sri Sathya Sai Consultants,1
Xylem Water Solutions,1
Whalebone,1
Finkons Advisory,1
Ormax Media,1
Kotak Investment Advisors,1
Mind Stream,1
Bliss Gvs Pharma,1
The Perfect Click,1
Tatvartha Health,1
VitalityBSS,1
Exavibes Services,1
Kankei Relationship Marketing Services,1
Aspee Agro Equipment,1
DG7 Solutions,1
NCR Atleos,1
Spes Manning Solutions,1
Snapmint Credit Advisory,1
Bondsindia,1
Hmsa Consultancy,1
Alpharithm Technologies,1
Flash Aligners,1
IT Services,1
Pivotchain Solutions,1
Adeption,1
Nextzen Minds,1
Pixelstat Esolutions Development,1
Multi Commodity Exchange Clearing Corporation,1
Lloyds Infrastructure & Construction,1
YES Crm Consultants,1
Tripjack,1
Scarbluu,1
Infogrowth,1
OctaShop,1
Bhaifi - 360 Wifi Solution,1
Podar Education Network,1
LIC Mutual Fund (LICMF),1
Axience,1
Altfort Capital,1
Echofeel,1
Associate Allied Chemicals,1
Risk Advisors Inc.,1
B2C travel tech & booking platforms,1
Foreign MNC in BPO,1
The Hartford,1
Top Rated IT Organization,1
Firm in IT Services Domain,1
Maddisoft Solutions,1
Eksource Technologies,1
Grintex,1
Oges Solutions,1
Grass Roots Research & Creation,1
Loom Solar,1
Berger Paints,1
Get Place,1
Ava international pvt. ltd.,1
Grocio,1
Fablian Technologies,1
Mantech Publications,1
Mayoor School,1
Azeus Convene,1
Corbus,1
Gaurav Bhagat Academy,1
Mavalore Infotech,1
Akasa Finance Ltd. (formerly Known As Pooja Finelease Ltd),1
JAY Jalaram Technologies,1
Rxadvance Pbm,1
Value Prospect,1
Lifescience Intellipedia,1
Avis E Solution,1
Aryanco,1
Xapotech Systems,1
Inteliqo Technologies,1
Eduflex,1
G Mohandas & Associates,1
S. R. Engineering,1
Grant Thornton,1
LRP Captivators,1
Asahi India Glass (AIS),1
E3 Group,1
BRG Enterprise Solutions India,1
Allianz Global Assistance,1
Digitalcobb,1
Vista Consoles Electronics,1
Lloyd Business School,1
Reality Tree,1
Student Grad,1
Capital Outsourcing & Management Services Private Limited,1
Jobpoint,1
T&M services consulting Pvt. Ltd.,1
New Modern Buildwell,1
THE Young Wings Noida Sector 62,1
Curadev,1
Tod Technologies In,1
Vishveshwarya Institute Of Engineering And Technology,1
Gaur Construction,1
McGraw Hill,1
Asian Education Group,1
AWC Software,1
Training Basket,1
Visual Eyes Optik Technologies,1
Coox Online,1
Cybonix,1
Khan Global Studies,1
BrandBurp Digital A Fluper Company,1
Sahir Impex,1
Metabook Technologies,1
Mariox Software,1
AMO Mobility Solutions,1
Walkingtree Resources,1
Hemant And Nandita,1
Fosterideaz Services Pvt Ltd.,1
Broadway Infotech,1
Atkins Global,1
Tata AIA Life Insurance,1
GharSeNaukri,1
Ncr Eduservices,1
Acrotrend Solutions,1
Kotak Mahindra Bank,1
Rentokil PCI,1
investment banking,1
Suresh Surana & Associates,1
www.kaushalhr.com,1
PR Management Consultant Faridabad,1
Kwality Polythreads,1
Mitzvah,1
Atlantic Publishers & Distributors,1
Tractors and Farm Equipment (TAFE),1
Infiniti Power,1
Axtrum Technologies (formerly BlueThread Solutions),1
Kalpakaaru Project,1
Nasscom Foundation,1
Soterius Life Sciences,1
Ground Zero,1
Hays,1
Ncheng,1
Global Giant MNC,1
India Glycols Limited,1
Tata Play Fiber,1
Demandlane,1
Kunshan Q Tech Microelectronics,1
Ebotics,1
Property solutions India Pvt ltd,1
A big name in Fashion Industry,1
RSPL Group,1
Said Technologies,1
Transaction Network Services,1
Radisson Hotel Group,1
Iron Systems,1
Db International,1
Ambit Switchgear,1
RS Components & Controls,1
Ranking By Seo,1
Aurven,1
Quikr,1
Magicbricks,1
Bajaj Energy,1
The New Indian Express,1
Aforeserve,1
Group 108,1
Thieme Medical and Scientific Publishers Private L,1
Sunstar Precision Forge,1
USHA International,1
UnifyApps,1
Vise Solutions India,1
WM Universal Solutions,1
Biocube,1
Shadow Placements,1
Taggd,1
Indifi Technologies,1
Idbi Capital,1
Zar Jewels,1
Muthoot Housing Finance Company (MHFCL),1
Dreamworth Solutions,1
Unistanz Software,1
AN Solutions India,1
NovoTree Minds Consulting,1
3across,1
BOL7.com,1
Tech Zenon,1
Launchveda,1
Roto Pumps,1
DJT Retailers Pvt Ltd,1
Super Scholar,1
Rudrabhishek Enterprises,1
Upman Placements,1
Era Infra Engineering,1
Realty Assistant,1
Brandpriest,1
Badri Rai & Company,1
Homebell Interiors,1
Prakash Labels,1
Script It Technologies,1
Florencia Healthcare,1
Emkay,1
A Reputed FinTech Company,1
IKS HEALTH,1
Phoenix Mills,1
MALABAR GOLD & DIAMONDS,1
Singhi Advisors,1
Micro-Sized B2B Firm in IT Services Sector,1
Aeon Integrated Building Design Consultants,1
Zonac Knitting Machines,1
Foundever,1
Neo Wealth Management,1
Solenis,1
Usaindiacfo,1
Ion Exchange,1
Inquizity,1
Nisus Finance,1
Arctic Invent,1
IIMT Group of Colleges,1
Blue Aves E-health,1
Wireworks,1
ART-E,1
Bliss Marcom,1
Viralbulls,1
Socius Innovative Global Brains,1
Farmjunction Marketing,1
Intensiv-filter Himenviro,1
A Quantum leap consulting Pvt Ltd,1
Straction Consulting,1
Seth & Seth,1
Vecmocon Technologies,1
Dkpl Networks,1
Aimbeyond,1
Adsrole,1
NeoXam,1
Verdictum,1
Anirat Contracts,1
Financial Management Service Foundation,1
Naman Finlease,1
Muskaan Dreams,1
ERD Technologies,1
Glow Valley,1
Xonier Technologies,1
Cengage Group,1
Westway Electronics,1
A Client of GSS Partners,1
GLA University,1
Ripples Engineering,1
Alight,1
Fortuna Retail,1
GMI Research,1
Economist Group,1
Estee Advisors,1
Algates Financial,1
Josh Technology Group,1
The Tech Ravens,1
Omniful,1
Alpha Reach,1
Northbrick Ventures,1
Virtual Engineering Services,1
Jovial Digital Services,1
Mascop Facility Services,1
ANC Research,1
ZIGRAM,1
Eminent Global,1
Englishwise,1
Venera Technologies,1
Dialdesk,1
Atlength Buildtech And Interiors,1
GICIA (GIPL),1
Maya Estate,1
Sparx It Solutions,1
Yug Technologies,1
Parakh Associates,1
Growthspree,1
J P CHAWLA & CO. LLP,1
Wildlife Trust Of India,1
Houseeazy,1
Stanquad,1
Hospital Equipment Manufacturing Company,1
Apagen Solutions,1
TrueBlue,1
Valvoline Cummins,1
Blueleaf Energy,1
Richi Circuitronix,1
Couponorg Digital Media,1
KPMG,1
TheEssencials,1
Industry:NBFC,1
WebMD,1
Bridgeloyalty Customer Experience Management,1
LRQA sustainability,1
Shriram Wealth,1
Xtage Technologies,1
Voltas,1
Shoppers Stop,1
Spinny,1
Aranca,1
DSRP Enterprises,1
Impact Guru,1
Arpan,1
Net Connect Global,1
Expound Technivo,1
Aptia Group,1
Ares India,1
Street Surge Technologies,1
Sage Software,1
Ace Digital Infotech,1
A client of L K Saddi Associates,1
Careerist Management Consultants,1
Nano Mag Technologies,1
Bharat Wire Ropes,1
Great Place to Work,1
24karatz We Buy Gold,1
international bpo,1
BDO Rise,1
Itarang Technologies Llp,1
Inxee Systems,1
Navlakha Management Services,1
Investec Global Services India,1
Enigmatics Labs,1
IIFL Finance,1
Etrade Marketing,1
PM Hr Solutions,1
Etherealflights,1
An MNC Client Of Capital Placement Services Gurgaon,1
EDGE Executive Search,1
Medanta,1
Dealsdray Online,1
Air India,1
Real Estate Developer pvt ltd,1
Outline India,1
Guenstiger.de,1
One of the Big 4's,1
Bigstep Technologies,1
Traveltriangle,1
Openhouse,1
"Hiring For MIS Analyst - US based consulting - Gurgaon , Cyberpark (1 year contract-renewable)",1
Battery Smart,1
Eye Q,1
Countryroof,1
Elekore Energy,1
1Point1,1
GM Analytics Solutions,1
Mapple Outright Services,1
Ultimate Sun Systems,1
LPG Distributor,1
Connecting Dot Consultancy,1
Whole9yards Global Ecom,1
Ratnabali Capital Markets Limited (RCML),1
Alumnus Software,1
Medibuddy,1
Innovary Technologies,1
Icon Client,1
Blackbull Law House,1
Beejapuri Dairy,1
SOBHA,1
M/S Dror Services,1
A To Z Electrotrade,1
Antarmanh,1
Vermilion Cosmetics,1
Prem motors Pvt Ltd Malviya Nagar industrial area Jaipur Rajasthan,1
Mediaxpedia Technologies,1
Realistic Realtors,1
Mega Realty,1
Olive Bar & Kitchen - Olive Bistro,1
Vashi Electricals,1
Exclusivelane,1
Frankfinn,1
Bclericz,1
ECL Finance,1
HR Central,1
Eide Bailly LLP,1
Gyan It Consulting,1
Mount Peak Capital,1
Travelpulse Venture,1
Masterblend Industries,1
Leading chemical company,1
Shree Balaji Equipments,1
TYASuite Software Solutions Pvt Ltd,1
Kalim Group Of Companies,1
Neorealm Solutions,1
Market Quotient,1
Madhu Jayanti International,1
Modulus Research & Analysis,1
Global Fpo,1
Dupless,1
Alethe Labs,1
A One Advisory,1
Management Consulting,1
Pushpanjali medi,1
Simpsoft Solutions,1
Benchmark Developers,1
Avertis Infotech,1
Smollan Group,1
Cloudangle It Solutions,1
dataeaze systems,1
Political Sampark,1
Igloble Solutions,1
Vide Alpha Tech Services,1
Ratel Fintech,1
Apeiron Global,1
Secumax,1
Vee Healthtek,1
Garbha Gudi Ivf Centre,1
Nbyula,1
Greencell Mobility,1
Indusind Bank,1
Hdfc Sales,1
DEL Marchio Eye Wear,1
Sevenm Technologies,1
Final Touch,1
Orion Edutech Pvt Ltd,1
IVDisplays Digital Services,1
Gamlaa,1
Srk Consulting,1
Plus Fitness 24 7 India,1
Anekant Group,1
Purti Vanaspati Pvt. Ltd,1
United Eduplus,1
Spml Infra,1
Suraksha Diagnostics,1
Rishi Group,1
Indbank Global Support Services,1
A & M Communication,1
Scorg International,1
Avalon Global Research,1
Rezinix Technologies Private Limited,1
EisnerAmper,1
Luminite Services,1
Systechcorp Inc,1
Fugetron Corporation,1
Miles Education,1
THE HR'S MANAGEMENT CONSULTANCY,1
Excellent Footwear,1
Tank Data Solutions,1
221b Baker Street,1
Remote Programmer,1
Emami,1
Citytech Software,1
Leading IT Companies,1
Green Packaging Industries,1
INSTINCT,1
Hygienic Research Institute,1
International Homoeo Research,1
Saba Well Sdc India,1
Nuvr,1
Ballyfabs International,1
Bonn Tonn,1
Plastwork Industries,1
Prism Logistics,1
ICA Edu Skills,1
Online Savaari,1
Vconnect Global,1
The Hans Foundation (THF),1
Allcargo Logistics,1
Diamond Beverages,1
Indianoil Total,1
Animal Health Pathology Lab,1
Vivre Panels,1
Titagarh Rail Systems,1
Universal Council For Vocational And Skills Education,1
Sumcon Infraventures,1
Vishnu Chemicals,1
Maharishi Solar Technology,1
Magicmind Technologies,1
Over a Cup of Tea,1
Chemi Culture,1
Kus Software,1
Janakalyan Financial Services Pvt. Ltd.,1
Ementora,1
African Industries,1
Adithya Infosoft,1
Bizbrain Technologies,1
Growmor Strategic Management P. Ltd.,1
Gobind Machinery Work,1
Cloven Media,1
Live Telco Com,1
The Nabha Foundation,1
Coursejet,1
Limelitt,1
IntouchCX,1
Movius Interactive Corporation,1
AnnexMed,1
Bridge Et Al,1
SD Industriesindia,1
Delinian Limited,1
Scale Delight,1
ChaitanyaHR consultancy,1
Eze Castle Integration,1
PSI Cro,1
Walmart,1
Money View,1
Sandvik Coromant,1
Right Horizons,1
PIERIAN,1
Nettur Technical Training Foundation (NTTF),1
Nipha Exports,1
Willsfly Technologies,1
Simplotel Technologies,1
Direct Dialogue Initiatives,1
Trianz,1
Adecco Group,1
Aetherrise Solutions,1
Vericence,1
Mars Exploration,1
ZK Technologies,1
Pinax Steel Industries,1
Vareli Tecnac,1
Jyothy Labs,1
Lux Industries,1
Recrivio,1
PEOPLE ALLIANCE,1
Educate Girls,1
Neoquant Solutions,1
Jossmin Valves And Automations,1
Accentuate Business Solutions,1
Alamosa School District No Re 11j,1
Yes Yes Technologies,1
Testgrid,1
Dealmoney,1
Babblebots,1
Pranam Recruiters,1
A Large and growing General Insurance Organization ! Mumbai,1
Aggreko Energy Rental India,1
Pkasti,1
Maukaa Solutions,1
EmizaInc,1
Godrej Properties,1
Openstream.ai,1
Marici Solutions,1
Goda Agro Tech,1
Attarix Talent Solutions Mumbai,1
Credable,1
Neev Group Of Companies,1
Rudhra Info Solutions,1
Client of Spring HR,1
Innolead Connoisseurs Consulting,1
PURTI POWER & SUGAR LIMITED,1
WebSenor,1
S S Enterprises,1
Accelya,1
Bumppy Media,1
Gauge Data Solutions,1
Putnam Associates,1
RSH Global,1
Ozeol,1
DRL Healthcare,1
Watson-marlow Fluid Technology Solutions,1
Nephroplus,1
Arthan,1
Lion Picture & Frames,1
Mihup Ai,1
Inthink Knowledge Ventures,1
Unitel Contact Centres,1
Lashika Skincare,1
Plastic Abhiyanta,1
Oriental Compressor Accessories,1
Sandhit Foundation,1
Crpl Infra,1
Custodian Corporate,1
Gassin Pierre Pvt. Ltd.,1
Bakingo ( A Brand of FA Gifts Pvt Ltd),1
Anzen Exports,1
Karuna Management Services,1
Thynx Labs,1
Marks Marine Radio,1
Dpsv & Associates,1
DHL Supply Chain,1
Texmaco Rail & Eng,1
CA Constructions Kolkata,1
Extropy Advisors,1
S.K.AGARWAL&SON.,1
TMD Network Solutions,1
Anudip,1
Pansari Developers,1
Chemtex,1
Hexira Digital,1
Reputed NBFC,1
Kobie Marketing,1
Allegis Global Solutions (AGS),1
Arteria,1
Aditya Birla Capital (ABCL),1
Satvam Consulting,1
Essar Uk Services,1
RTX,1
dext ai,1
M3 Eu,1
Findem,1
Infomerica,1
Enfys Technologies,1
Firstsource,1
Qualcomm,1
InfoVision Inc.,1
Onity Group INC,1
H&mv Engineering,1
Pure Storage,1
Chevron India,1
Vadvice Consulting Services,1
Imaginators Try Going Beyond,1
I-ray It Solutions,1
MarkTeQ708,1
Mantras2success Consultants,1
Brodos Ag,1
Vital Space,1
Investmentor Securities,1
Yatayat Corporation India,1
Myra Technolabs,1
Nandan Denim (NDL),1
Wirewebs Digital Solutions,1
Satva Offshore Services,1
Quicko,1
Durogreen Waste Management,1
Arcelormittal,1
Serpent Consulting Services,1
Satva Solutions,1
Crest Coder,1
Benchmark Global,1
Sietec Engineering,1
Gaming,1
RETAIL,1
Weltec,1
Infosystem Consulting,1
Aim Research and Consultancy,1
Appsmartz,1
Sathi Planners,1
Lemon Flip Solutions,1
ADA Software,1
N. N. Das & Co,1
Tejas Pharma Kolkata,1
Shopkart Technologics,1
JIS University,1
Savvy Search,1
Navneet Education,1
Atlas Softweb,1
Shiv Shakti Machtech Gujarat,1
Newedge Overseas,1
Arvind SmartSpaces Limited,1
Touchstone Educationals,1
Intech Engineering And Equipments,1
Digitel Media Ahmedabad,1
Dsoft Innovations,1
Space Stem,1
Best Engineering Aids & Consultancies (BEACON),1
RS Infra Projects,1
Asstron E-Services,1
Wolt Solar,1
Global Nanotech,1
Wealthstreet Advisors,1
Budventure Technologies,1
Vertex Interiors,1
R3 Interactive Media Solutions,1
Savitara Infotel,1
Nirma,1
AK Dezigns,1
Posco India Pune Processing Center,1
TELUS International,1
Thermotech Systems,1
Voila Cab's,1
Insigno Quipment Technologies (India) Private Limited,1
Machineastro Ahmedabad,1
Xelentor Technologies,1
Narayana Health (NH),1
Communities Heritage,1
GJ Tech Solutions,1
Argus India Price Reporting Services,1
Tecqubes Technologies,1
Socialion Media,1
H R D Diamond Institute,1
Teamware Solutions,1
Lumina Datamatics,1
LRN Corporation,1
Disc Technology Services,1
Arcon Marketing,1
Ofb Tech,1
Disha Enterprise,1
Reputed FMCG company,1
Pressurejet Systems,1
Qatar Airways,1
Paramverse,1
Blis,1
Alentris Research,1
Microvision Group,1
Vasu Healthcare,1
Newgen Digitalworks,1
Atria Convergence Technologies (ACT),1
A step for Future Placement Services,1
T & A Hr Solutions,1
CBRE,1
Getfive Corporate Advisors,1
TR Chadha Co Llp,1
Biomatrix Healthcare,1
Decolite Paints,1
Pratima Realty,1
Parnassian Ventures,1
Oob Smarthome India,1
Epoch Research Institute,1
Prodware Solutions,1
VDart Software Services,1
Biotech Vision Care,1
Maven Profcon Services,1
Express Global Logistics (EXG),1
Icreate,1
Endurance Technologies,1
People Alliance Workforce,1
Calix,1
IT Solutions Company,1
Alorica,1
Trelleborg,1
Devploy Technologies,1
Splash Math App,1
Dewii,1
Scaleupally,1
Thence: The Product Success Company,1
Scopely,1
Acsen Agriscience,1
Micromatic Grinding Technologies,1
Tekminders,1
Prayoga Lifesciences Inc,1
Client of Pexrise Solutions,1
Juego Studio,1
Gemini Exports,1
Federal Soft Systems,1
News Technology Services,1
Gaea Technologies,1
Onsemi Vietnam,1
Gratuity Consulting Services,1
Booking Holdings,1
Technix India Solutions,1
Magson Retail And Distribution,1
Broking Insurance Life & General Insurance,1
Ishan Group,1
DEK And Mavericks Green Energy Limited,1
Ice Make Refrigeration,1
Apexon,1
Accounting Baba,1
CTRL Service India,1
"Maruti Suzuki India Limited, Hansalpur",1
Divine Flowers Aasaa Divinity Llc,1
Jaivel Aerospace,1
BriskWin IT (BWIT),1
Tealogy,1
Hsquare Sports,1
Molkem Chemicals,1
Artoon Solutions,1
Par Techno Heat,1
Alpha MD,1
Jindal SAW Ltd.,1
Shree Prefab Steels Ahmedabad,1
Leading Firm in Insurance (IMF) Domain,1
Aspire Disruptive Skill Foundation(ADS Foundation),1
Trident Creation,1
Arman Financial Services,1
Hindustan Pencils,1
Jindal Online.com Ltd,1
Urban Management Centre,1
Shukla Information Solutions,1
3 Brothers Agri Export,1
GEx Search,1
Sankalp Group Of Companies,1
Intechspace Technologies,1
Smartbulls Fintech,1
Silicon It Solutions,1
Digital Media Dmg,1
Italia Ceramics,1
DINESHCHANDRA R AGRAWAL INFRACON PRIVATE LIMITED,1
Vivasvanna Export Pvt.Ltd.,1
United Business,1
Pacific Group,1
Migrate Zone,1
Mayur Web Technology,1
Vivro,1
Relay Express,1
KP Excellence,1
Apister Lifesciences,1
Vibrant Design,1
Shital Motors,1
Newage Fire Fighting,1
Avanse Financial Services,1
Eisner Amper Advisory Group,1
Unity Small Finance Bank,1
CarTrade,1
Jivika Agri,1
Kids Age,1
Dintech Valves Pvt. Ltd,1
Jai Research Foundation,1
Big and Reputed Leasing Company of Gujarat,1
K D Hospital,1
The Concrete Shop,1
Aculife Healthcare,1
Movin,1
Best Engineering Aids Consultancies Pvt Ltd,1
GFE Business Services,1
Covrize,1
The Real Estate Connect,1
All India Disaster Mitigation Institute,1
Bodal Chemicals,1
Globe Ecologistics,1
Parishil Laboratories,1
Magic Infomedia,1
Eduluk,1
Rubber King Tyres,1
Sattrix Information Security,1
Silver Oak Education,1
Niyo Solutions,1
Innotek Furniture Fittings,1
Brevard Public Schools,1
Talent Steer Partners,1
Poonik Technology Pvt.Ltd,1
Exsilio Solutions,1
R S Patel & Co,1
York Ie,1
Screenotex Engineers,1
Sacmi Engineering,1
India's leading business house.,1
Parity Technology Solutions,1
Apex Heart Institute,1
Zed Lifestyle,1
Cleantech Services India,1
Beyondata Solutions,1
Kapu Gems Llp,1
Petra India Group,1
iBase-t,1
SAINEST TUBES,1
CEPT Research & Development Foundation (CRDF),1
Lion Vision,1
Agri Begri,1
Viatrix Engineering & Plastic,1
Arush Gas Technology Services,1
Inda Seo,1
Mascot Events,1
Global Garner Sales Services,1
Shark Ninja,1
Flobiz A Unit Of Valorem Stack,1
Renaissance Academy Of Wisdom,1
Factspan Inc.,1
Suviksan Technologies,1
Letstransport,1
Amar Cars,1
Vishwas Refoils & Consumer,1
Indo Count Industries,1
Hevo Technologies,1
JCPenney,1
Noora Health,1
Foxconn,1
Wissen Infotech,1
Credit Saison India,1
Resmed,1
Ipsos,1
Exly,1
Snware Research Services,1
Baker Tilly Dhc,1
Assurant Automotive Warranty Solutions,1
Kaufman Rossin,1
Smith And Howard Global Services,1
Havas Media,1
PVH,1
Azista Bst Aerospace,1
Jay Chemical Industries,1
T3am,1
Magneto,1
Sankalp Recreation,1
Merril Pharma,1
Ahmedabad Textile Industry Research Association,1
sRide,1
"Luthra & Luthra LLP, Chartered Accountants",1
Parth Rubber Tech,1
Words Worth,1
SARVP Financial Service Private Limited,1
COD Research,1
Corel Pharma Chem,1
Iflair Web Technologies,1
Aquachem Industries,1
Elixir Pharma Chem Pvt. Ltd.,1
Mediaf5 Digistrategists,1
Nimit Electronics And Equipments,1
Marvel Infocomm,1
Manfra Executive Search,1
Mark Honest Digital Solution,1
Tulja Estate,1
Unipath Solutions,1
Elbex Couriers,1
Trionix Life Sciences,1
World Goods Marketplace,1
Endeavor Magic,1
Initor Global,1
Property Stock Exchange,1
Xcodethemes,1
Armee Infotech,1
Teccorps,1
Quintessential Design Services,1
Kerten Hospitality,1
Oceanfrogs,1
Exurid Technologies,1
Alist.club,1
Kyt Ventures,1
Fleek,1
Digital It Hub,1
Alpaca,1
Bennie,1
Makerble,1
BTF Technology,1
Productlife Group,1
Webghat,1
Raftlabs,1
Jewelex India,1
Talent Corner Hr Services,1
Star Union Dai ichi Life Insurance (SUD Life),1
Carnivore Style,1
Sol-millennium,1
Abdul Latif Jameel Poverty Action Lab,1
Xponentiate,1
Airdev,1
Career.io,1
Paralleldots,1
Fasyl Technology Group,1
Kushagramati Anaytics,1
Jio bp,1
BVC Logistics,1
Myglamm,1
CPP Investments,1
Synesis Consulting & Tech Solutions Private Limited,1
Efforts Solutions,1
Baxter Planning,1
Staffingly,1
Datahash,1
Phastar,1
Agilis Advisors,1
Together Light,1
Anokhi Tv,1
Shadowfax Technologies,1
Smart Soc Solutions,1
Aye Finance,1
Singleinterface,1
Concept Kart,1
Crystal Works,1
PNB MetLife,1
Fintellix Solutions,1
Jodo,1
Impelsys,1
Elanco Innovation And Alliance Centre,1
InLane Technologies,1
ONLINE FASHION BRAND,1
Dailyhunt,1
Futureacad,1
Coupang,1
Rubick.AI,1
Falcon Smart It,1
Client of TAAS Partners,1
Prometheus Consulting,1
Authenu,1
Rehoboth Academic Services,1
Usdc Global,1
Crewbloom,1
Fionics,1
Pharmavise Corporation,1
Measure Marketing Results,1
Digismiths,1
Euphoria Interiors,1
Ultimez Technology,1
The Vaan Group,1
Aegon Life,1
Orbis International,1
Tala,1
Writesonic,1
Morae Services,1
Codelattice Digital Solutions,1
Ivedha,1
Brightedge,1
Primestar Consulting Services Karnataka,1
UOB,1
SVN System Technologies,1
Marcura India,1
Careerist Management Consultant,1
Hunger Inc,1
Leading General Insurance Co.,1
Aezion Technologies,1
Beam Healthcare,1
DCKAP,1
Bitqcode Capital,1
Brid Tech Solutions,1
Sanjivani Hospital Sambalpur,1
Pavago,1
Netchex,1
Amakshar Technology,1
Cedcoss Technologies,1
Ecomcure,1
Medi Assist,1
Leading Global IT Service and Consulting Organisation,1
Pragyashal,1
Diligentminds Consulting,1
Avani Infosoft,1
Blueoptima,1
Assembly Health,1
Fish Welfare Initiative,1
Kitecyber,1
Neurodiscovery Ai,1
U-set Consulting,1
Videomining Corporation,1
Webexcel Technologies,1
Agreus,1
Smart Source,1
Colgate Palmolive,1
Godrej koerber Supply Chain Ltd,1
Trent Limited,1
Induspect India,1
Livestrong Technologies,1
Give My Certificate,1
Doyenhub,1
Appmysite,1
Talentpop App,1
Iraje Software,1
Breezy Hr,1
Credevo,1
Ajnalens,1
TotalEnergies,1
Sitec,1
Enlink,1
Sparkbeyond,1
Chadwick Professional Services,1
Policybazaar,1
Net Impact Solutions,1
Indovation Lab,1
Black Box,1
Scaleup Mission IT services,1
Analyticstash,1
Insight Global,1
Prasha Sync,1
Zarthi,1
Slintel,1
Samco Mutual Fund,1
Greenthumbs,1
Ruby Consulting,1
Kapture Crm,1
Suki,1
Bazaarvoice,1
PLM Indishtech,1
Zendesk,1
Ideaboard,1
Firstsense Technology,1
Simplismart,1
Telloquent,1
Covalensedigital,1
Zero2ai,1
DWPlaceSolutions,1
Tether Operations,1
Bloomreach Technologies,1
Chingari,1
Fox Sports,1
Deepmatrix,1
Plate Iq,1
Sarvayana Sansar Industries,1
Arivon Technologies,1
Ninestars Information Technologies,1
An IT MNC,1
Tekion,1
Texas Instruments,1
CAMSDATA,1
Propreturns Real Estate Technology,1
Shaadi.com,1
Private Bank,1
fox Corporation,1
FPL Capital,1
Observe.AI,1
Ankercloud,1
Skan,1
Growtharc Technologies,1
Altek Institution,1
Plumgoodness,1
Miles,1
Superk,1
Chidhagni Consulting,1
TLD Group,1
"Everbridge, Inc.",1
Lobotus Technology,1
Laundryheap Limited,1
Pico Xpress,1
Q-DAT IT SOLUTIONS PVT. LTD.,1
Barracuda Networks,1
Skit.ai,1
Hyperthink Systems,1
Velox Solutions,1
Kalpesh Group,1
Online Manufacturing,1
KBS Creations,1
Atomic Arts India,1
Reax Technology Platforms,1
Digiture,1
LenDenClub,1
ExcelR,1
Mudra Ooh,1
tuv Rheinland,1
Idreambiz,1
Wizz Technology,1
Kaba Group,1
Aaheli Consultants,1
Tekolutions Ai,1
Abotts Inc,1
Paxethos Technologies Llp,1
Bima Kavach,1
Financial Service,1
Kawen Manpower,1
Cava Athleisure,1
Simply Vyapar Apps,1
Corporate Web Solutions,1
Vertscend Automation,1
Wabtec India,1
Insuredmine Infotech India PVT LTD,1
Volvo Group,1
T7E,1
Jforce Solutions,1
Leading Global technology Services,1
Pluralsight,1
Network Techlab,1
Univision Softech,1
Avendus,1
Ionic Info Solutions,1
Star Entertainment,1
Nittygritti,1
Wonderla Holidays,1
Bromine Infotech,1
Digital Dogs Content And Media,1
The Best Enterprises,1
Think Evolve Consultancy,1
Irama Global Services,1
Apprication,1
Humanware Solution,1
Arya.ai,1
Thirstyfish,1
Axis Asset Management Company,1
XTGlobal,1
Logicserve Digital,1
Pivot Human Capital,1
Jaguar Land Rover,1
Insync Analytics,1
SK International,1
Crafsol Technology Solutions,1
Babblebots AI,1
Riverus,1
Jacobs,1
Vayuz Technologies,1
Utkarsh Small Finance Bank,1
Reliance Industries (RIL),1
NDS Infoserv,1
First Livingspaces,1
Leading Indian IT Company,1
Hiring for - Leading IT Co.,1
-,1
Wockhardt,1
Financial Technology & Solutions Organization,1
Leading MNC Consulting Firm,1
Piramal Capital & Housing Finance (PCHF),1
Konnect Insights,1
Mostudio,1
Carrot Fertility,1
Streamforce Solutions,1
SYSTEMS PLUS TRANSFORMATIONS LIMITED LIABLITY PARTNERSHIP,1
Zinq Software Labs,1
Take Two,1
Rubrik,1
Creditaccess Grameen,1
Technopals India,1
Lima Consulting Group,1
Manta Health,1
Influencermarketing.Ai,1
Doxel,1
Bintech Group,1
Edureify,1
Diksha Technologies,1
Biocon Biologics Limited,1
Tekskills Ind,1
TPM Consultants,1
Tex Corp,1
Cognna,1
Keeptruckin,1
Labcorp Laboratories,1
Terra Edgesoft,1
Valuelabs,1
Nisum,1
Nova Techset,1
CT Automotive,1
Mindbowser,1
Panasonic,1
Cks Global Ventures,1
Cloudaeon,1
Shopback,1
Majmudar & Partners,1
Shriya Innovative Solutions,1
ARS Process Solutions and Consultants Pvt. Ltd.,1
Dsilo Ai Technologies,1
A Reputed Company,1
Mount Meru Group,1
MNC in B2B IT Services Sector,1
Leading Payment Company,1
Diebold,1
Insurtech:,1
Aliter Business Solutions,1
Nextgen Education Foundation,1
Itester,1
Fristine Infotech,1
Finhaat Insurance Broking,1
Astralinx,1
Stardust Cps,1
Posidex Technologies,1
Xbiz Techventures,1
Udbhabana Business Solutions Jabalpur,1
Quidich Innovation Labs,1
Chain Iq Asia Pacific,1
Greenarc Capital,1
Metropolis Technologies,1
Rora,1
Hornbill Drone Technologies,1
Deque Systems,1
Think Gestalt,1
Remoteva,1
Relic Consultancy Services,1
Canaco Technologies,1
ARD Softech,1
xTenTeam,1
Augie,1
RR Groups,1
Aroha Technologies,1
Backrock Studios,1
Log9 Materials,1
Allstate Insurance Company,1
PubMatic,1
A Fintech- Payment Domain,1
Human Asset Management Services,1
Roxiler Systems,1
Teclogos Automation,1
Krisala Buildtech Llp,1
Eric Robotics Psipl,1
Heroic Cybersecurity,1
Springer Nature,1
Prowess Selling Skills,1
T-Systems ICT India Pvt Ltd,1
Finarkein Analytics,1
Megdap Innovation Labs,1
Flexi Careers India,1
Scandid,1
Callbotics,1
Zensoft Services,1
Cerence,1
Jarvis Consultancy & Services,1
dnA Consulting,1
Automotive Technology,1
HARP,1
Dawn Verse Cloud Technologies Hyderabad,1
Marsdevs,1
Solve It Consultant,1
Mcafee,1
Rolls-Royce,1
Jobsmill Business Solutions Pvt Limited,1
A Client of Drishti Consultants Pvt Ltd,1
Client of Seventh Contact Hiring Solutions,1
Transsight Software,1
Equations Work,1
Clario,1
GlowTouch,1
123 Of Ai,1
Xzect,1
Sidecar Health,1
Seth Anandram Jaipuria School Ghaziabad,1
Magic Bus,1
Pepsico,1
Innovins Technologies,1
Autuskey,1
Swiftsafe,1
Sagaux,1
Starlabs Technologies,1
Spotix,1
Kayzen,1
Redant Labs,1
Paxcom India (P) Ltd,1
Agoda,1
Hyrezy Talent Solutions,1
Paisabazaar,1
OpenCubicles Technologies,1
Taxmann Publications,1
Trexquant Investment LP,1
Perfect Intelligent Systems,1
Corporate in Petrochemical Domain,1
Firm in Miscellaneous Sector,1
Indian MNC in IT Services Domain,1
Clicflyer,1
Simran Software,1
SRS Live Technologies,1
GNA Energy,1
Jmoon Technologies,1
Onelab Ventures,1
Snaphyre,1
IT Education Centre,1
Tata AutoComp,1
Fortinet Technologies,1
A Leading Technology Product company,1
Academian India,1
Centre for Computational Technologies (CCTech),1
Cloudibn,1
Sbcs India,1
Umicore,1
Fulcrum Worldwide Software,1
Elliot Systems,1
Fidel Softech,1
Shree Stem Academy,1
Druva Inc.,1
Softone,1
Airwoot,1
Semusi Technologies,1
Varun Beverages Limited,1
AKS Intelligent Systems Llp,1
Contineu,1
Findoc Investmart,1
consilium software inc,1
Deeparc Tech,1
Q Centrix,1
Deepvue,1
Zipstack,1
Sitara It Innovations,1
Delta Exchange,1
Parashar Future Defence Technologies Faridabad,1
Agsure Innovations,1
ClixLogix,1
Aampe,1
IDM Works It Solutions Global,1
"BuzzBoard, Inc.",1
Icubespro,1
Edwards Lifesciences,1
WalletHub,1
Accurate Consulting Group,1
e Software Solutions,1
Birdeye,1
True Tech Professionals,1
Takachar,1
One Identity,1
Pairsoft Technologies,1
Nibiru Fi,1
QuEST Global Engineering Services Private Limited,1
"RiverLog Software, Consulting & Advisory Services",1
Neurostellar,1
Hinduja Tech,1
Fortune 500 supplychain Company,1
Blubridge,1
e con Systems,1
Sharpwiz,1
Moder Solutions,1
Peklenc Ai Research,1
Biz Tech Analytics,1
Rekhta Foundation,1
Glenninfo Techindia,1
Cleartrip Private Limited,1
CompIndia,1
Cleartrip,1
Agilysys Technologies India,1
Coursera,1
Olx,1
Terminalapps Pvt.,1
Scribe Emr,1
Urbint,1
Cargill,1
Synectics Inc,1
BNP Paribas,1
Quicksun Technologies,1
Anantaa Gsk Innovations,1
Intersoft Data Labs,1
Webfries,1
Bar Code India,1
Antara Foundation,1
Esri India,1
Ntssoftpro Solutions,1
Mindsprint,1
Standard Chartered,1
Newt Global,1
Realtekh Software Services,1
Amrita Vishwa Vidyapeetham,1
Rheo Ai,1
Vega Intellisoft,1
Natrinai Technologies,1
Qualitas Technologies,1
Codedote Technologies,1
BuildxPartners,1
Tecnicas Reunidas,1
Shipping,1
TGC,1
Dun & Bradstreet,1
STAFFICE GLOBAL PRIVATE LIMITED,1
Tailoredcare,1
Food Hub Software Solutions,1
Satyam Venture Engineering,1
Toshiba JSW Power Systems,1
Celestica,1
Pozent,1
Einnel Technologies,1
STUTZEN,1
C2C Engineering,1
OJCommerce,1
Sorice Solutions,1
Indix,1
Actalent Services,1
WABAG,1
Caratlane,1
PERSOL,1
Vellstone,1
Reflections Global,1
IndiaMART,1
Taazaa Inc,1
Magic EdTech,1
TEKSKILL,1
JobSeeker Consultants,1
LateShipment.com,1
Meinhardt Group,1
Renesas Electronics India Pvt. Ltd.,1
Primus,1
Green Valley Academy,1
Pyramid It Consulting,1
Excellence Technologies,1
Johnnette Technologies,1
Vizlogic Digital Solutions,1
Laksh Human Resource,1
New Horizon College Of Engineering,1
Faas Techno And Systems Llp,1
Leading IT Service MNC,1
Srishta,1
Tinker Coders,1
Leading EdTech Technology Company @ Delhincr,1
Zeplinix Technologies,1
VE3,1
Pixelcode Technologies India,1
confidential,1
Funic Tech,1
Multicoreware,1
MX Build Technologies,1
Gnanam Institute For Training In Advanced Analytics,1
The LHR,1
Fuld Consulting & Analytics,1
Conciento Tech,1
Leading E-Commerce MNC,1
Amroar Technologies,1
Indian Institute of Technology Kanpur (IITK),1
Samsung India,1
Digituala Lab Enterprise Llp,1
Campus Direct,1
US Software Services Group,1
Octobit8,1
Customersucessbox,1
Maruti Insurance,1
"An Advanced Data Science, Data Engineering and Data Visualization Corporation",1
InterSources Inc,1
PROLIM Corporation,1
Celcom Solutions Global,1
Lyftr Talent Solutions,1
Futuralis,1
Learneo Com,1
Uplevyl,1
Radiatechs,1
Methodhub Software,1
Revive Analytics,1
Third Eye Consulting,1
lightcast,1
Daksham,1
Blue Lotus Technologies,1
Saraca Solutions,1
Sybrant Data,1
Digicodes,1
TechBiz Global,1
Privezi,1
Consultit,1
Zeutron Technologies,1
Kenil Network,1
Tuple Technologies,1
Geostat Informatics,1
Wollmilchsau Technologies,1
Naviga Global,1
Ojas Softech,1
AK Enterprises,1
R4 Solutions,1
MAQ Software,1
Houston Systems,1
Gaurs International School,1
Benzara Ecommerce,1
upGrad,1
ABL Education,1
RT Global Infosolutions,1
Vertiscript Global It Services,1
Abinbev Gcc Services,1
Industry Inc,1
Mantle Solutions,1
Tezlogic,1
Veripoint Technologies,1
Enboarder,1
Ea Technologies,1
Spraxa Solutions,1
CyberCure,1
Apptread,1
Omnie Solutions,1
Freshworks,1
A Leading Organization,1
Pretium Partners,1
Suntek It Solution,1
Quantedge Fintech,1
Crosslynx Technologies Services,1
KW Homes,1
Hopequre Wellness Solutions,1
Global Infoways,1
Iotech Designs,1
HTC Global Services,1
Digimonk,1
Truebodh Technologies,1
Rika India,1
Fox It,1
Anovip,1
Linux Kernel Foundation,1
Noida Institute of Engineering & Technology (NIET),1
Tectree Consulting,1
Affidano Solutions,1
Sai Chhaya Educational And Welfare Society,1
iSOFT Services India Pvt. Ltd.,1
Blogic Software Technology,1
D S Construction Concept,1
VML ES,1
Prudent Globaltech Solutions,1
Encora,1
Diaz Legal,1
R Systems,1
Teleperformace,1
Motherson,1
Massive Jobss,1
Anolytics,1
WSP,1
Morneau Shepell,1
Blackngreen,1
Inteligenai,1
Shunya Ekai Tech,1
Accolite Software India Pvt Ltd,1
Famepilot,1
Cyberark,1
Arcesium,1
Synergylabs,1
NOVAC,1
Bsri Solutions,1
Pi Square Technologies,1
Freecharge,1
Deutsche Telekom Digital Labs,1
Streamonweb,1
Adsparkx Media,1
Shorthills Tech,1
Hash Agile Technologies,1
Compunet Connections,1
Prop Solutions4u,1
BEST IT Solutions,1
Alternative Path,1
IDP,1
Inlogic Technologies,1
Kiash solutions,1
FIVE STAR Business Finance,1
Nextura Ai,1
Graycell Technologies,1
Contechub,1
Sourcefuse Technologies,1
Cabirx Consulting Nashik,1
Inforizon,1
Stalwart Management Consulting,1
Research Partnership,1
Decipher Consultancy Services,1
Gromo,1
Greensturn,1
ElevenX Capital,1
Squareboat,1
i2V,1
Innostax Software Labs,1
a leading medical devices organization,1
Jindal Steel Limited,1
Plan A Technologies,1
Litmos,1
Enerzinx,1
Radicle Software,1
Partech,1
The Asia Group,1
Armory Gurugram,1
One Stack Solution,1
Fitsol,1
Lancetech Solutions,1
Leading IT Organisation,1
High School Moms,1
Etalent Services Bareilly,1
Pylon Management Consulting,1
TEG India,1
Mobifly,1
GreyOrange,1
Ambition Colonisers,1
Infinit O,1
PeopleStrong,1
Aaizel Technologies,1
NMD,1
Sunquest Information Systems,1
Notion Studios Kolkata,1
Royale Hospitality Entertainment,1
Elmax Systems And Solutions,1
Kyptronix,1
Appseconnect,1
INTIME IT SERVICES PRIVATE LIMITED,1
A Us Based Digital Marketing Company,1
Aldana Development,1
Vara Infrovate,1
Leapstrat Interactive,1
Webel Computer Training Centre,1
Issac Technologies,1
Quantum Business Advisory (QBA),1
Steora Systems,1
TPF Engineering,1
Servsys Technology Services India,1
EzeiaTech,1
MultiTV,1
Orahi,1
Ownwell,1
Athena Executive Search And Consulting,1
MNC Firm,1
Leading Indian IT MNC,1
Chapter Vitamins,1
Weaddo,1
Studio Graphene,1
PEB PROJECT CO,1
Confidencial,1
Talent21,1
Athena Education,1
Next Gen Paper Solutions,1
Christ Special School Bangalore,1
Sigma Ai,1
Sales Pro Business Solutions,1
Career Vitaminz,1
Qolaba,1
Shriffle Technologies,1
Emagine,1
Indo Global Esupport,1
US Healthcare prod dev,1
Ulektz Learning Solutions,1
Deepquanty,1
Saadhvi Technology,1
Kaleesuwari Refinery and Industry (KRIPL),1
Jidoka Technologies,1
Pibythree,1
Regency Technologies,1
Camp Systems,1
Delivery Solutions,1
Level Access,1
Acuity It Solutions,1
Blitzpath Innovations,1
Instinctools,1
Demos Project,1
CM Telematics,1
Lexiboom Ai,1
Majumdar And Co,1
Techvein,1
Orion Edutech,1
Soft Mania,1
Rockstar Recruiter Llc,1
Final Quadrant Solutions,1
Proarch Technology Services,1
Reducate AI,1
BM CLOUD,1
Crossshore,1
Arsenaltech,1
Datazymes Analytics,1
Regsbase Hub Artificial Intelligence,1
Dover Corporation,1
Inito,1
J.D Jones & Company,1
Fortune 500 Company in Industrial Automation,1
Leading Indian IT Service Company,1
Commerce Pundit,1
Nplabel,1
Leading US Product Co - Great place to work certified,1
Stemrobo,1
Rapidise Inc,1
Cloudcraftz Solutions,1
Continuity 1,1
Thinkagain Educational Services,1
Weavers Web,1
Sigmen Technologies Solutions,1
Innofied Solution,1
Tax Connect Advisory,1
Cartinfralog,1
Wadhwani Foundation,1
Lalbaba Engineering Group,1
Nxttech Worldwide Llp,1
Magnatron International,1
Plutonapps,1
Digitex Web IT Solutions,1
Utah Tech Labs,1
Arpan Infrasolution,1
Accusol Technologies,1
Zestra Technologies,1
Razial Media,1
Inevitable Infotech,1
Genea,1
Prime Apps Infotech,1
Intas,1
Levrez Technologies Llp,1
Shyam Plastic Machinery,1
Dynalog India,1
Aviato consulting,1
Takshashila University,1
Milestone Internet Marketing,1
Qthics Offshore Staffing And Outsourcing Solutions,1
Cin7,1
Adani Hospitals,1
Omschrift Inventions,1
Turabit Solutions,1
Mostedge,1
9series Solutions,1
Addweb Solution,1
Brainerhub,1
Invixium,1
Techmayntra Services,1
Elanco,1
Ingenium It,1
Kazhuga,1
Metaplore Solutions,1
UL Solutions,1
Netcore Cloud,1
Smart,1
Loadshare Networks,1
3menstudio,1
Accurate Securities & Registry Private Limited,1
Awfficacy Global,1
Orai Robotics,1
Sardar Patel Renewable Energy Research Institute,1
Quantumbot,1
Simprosys Infomedia,1
Connected Value Health Solutions,1
Jashubhai Group,1
KK Valuation Services,1
Infinnium,1
Pratham Consultants,1
Shipmnts,1
Excelsior Technologies,1
Arth I Soft,1
Taashatech Infosolutions,1
Ankpal Technologies,1
Athena Infonomics,1
Thoughtmate Systems,1
Itechnotion,1
Bacancy Technology,1
Raywell Studio,1
Saubhagyam Web,1
Tarrina Health,1
IT MNC Consulting Company,1
Swarrnim Startup and Innovation University,1
La Renon Healthcare,1
Citrin Cooperman,1
Cord4 Technologies,1
ivon techhub,1
Wolfable,1
Befree Business,1
Qnity,1
Eitcafe,1
SMG,1
Techiguru India,1
Flydocs India,1
Luma Financial Technologies,1
Lion Group,1
Aapna Infotech,1
Nextgen Federal Systems,1
Ajmera Infotech,1
Texperts India,1
2palpha,1
Mind Match Talent,1
Brihat Infotech,1
Kiprosh,1
Rapidai Vision,1
Outseer,1
G-P/Globalization Partners,1
HealthCare.com,1
The Lifetime Value Co,1
Udaan Skills,1
Algopix,1
Ping Identity,1
Chargebee,1
Mako It Lab,1
Opsera,1
Aelius Consultants,1
Aksvin Technologies,1
Rocketdevs,1
Moniepoint,1
Srima Tech,1
job Store Consulting,1
Capabl India,1
Lawful Legal,1
Accuknox,1
Worqhat,1
Nomiso,1
NST Cyber,1
Cayuse,1
Trubridge,1
Mcbird Technologies,1
No Limit Technology,1
Sentrix,1
Mira Safety,1
Study.com,1
Chattertools,1
Vinnovate Technologies,1
Data Foundry,1
Zerion,1
Prasino Automation And Systems,1
F6S Network,1
Jensen Hughes,1
Tweeny,1
Ekshvaku Tech Innovations,1
Imanage,1
Frameable,1
World Vision Softek,1
Spreetail,1
Ontrac,1
Bugfoo,1
Incode Technologies,1
Salesintel,1
Metaschool,1
Metmox,1
Timus Consulting Services,1
Bolt Iot,1
Getlabs,1
Datavid,1
Middleware,1
The India Sanitation Coalition,1
Adhoc Networks,1
Centric Consulting,1
Synapticure Inc,1
Cookly,1
Akridata,1
Cloudwalk,1
Word Works Ai,1
Sonarsource,1
Adeodist,1
Gramian Consulting,1
Fiction.com,1
Salesblink,1
Offchain Labs,1
Squapl Digital Media Technologies (opc),1
Pricelabs,1
Revinate,1
Maverick Software India,1
Falconlabs,1
Endpoint Clinical,1
Manureva Digital Solutions,1
Openzeppelin,1
Mark43,1
Gravity Infosoft,1
Zencore,1
Resource Pro,1
Spectrum Management Services,1
Apps For Bharat,1
Xiaomi,1
Ample Technologies,1
Norwin,1
Suzva Software Technologies,1
Vida - Digital Identity,1
Ipdigital Technologies,1
Selegic,1
Priacc Innovations,1
Muverity Consultancy Services,1
Aisquare,1
Shrinath Services,1
People Prime Worldwide,1
V5 Global,1
SquareShift.co,1
Shrewd Techlink Services,1
Caxsol,1
Citta Solutions,1
Tribastion Technologies,1
Technostacks Infotech,1
Monarch Innovative Technologies,1
Pccube Softtech,1
Nextgensoft Ahmedabad,1
Infynno Solutions,1
Integra Global Solutions,1
Jagruti Rehabilitation Center,1
Jumpcloud,1
Viha Digital Commerce(VDC),1
Global Technology Company,1
Hashtechy,1
Thinkwik,1
Navata,1
Coulomb Ai,1
Stripe,1
Phamax Analytic Resources,1
Ravenrock Developments,1
Corestrat Labs,1
BNI,1
Wintech Services,1
Krazy Bee Services,1
Peritus,1
OSB Group,1
In Time Tec,1
Kpisoft Technologies,1
Pitcs,1
Speridian Technologies,1
D4 Insight,1
Firsthive,1
Ladera Technology,1
Coffeebeans Consulting,1
7dxperts,1
Acronotics,1
SpurTree Technologies,1
Quisitive,1
F5,1
Waisl,1
Adroit Vantage,1
Caliber Organisation,1
Infyshine,1
Quest Alliance,1
Aryaka Networks,1
DISH Network Technologies,1
Orion Consultech,1
Alkye Services,1
Communication Crafts,1
Tops Infosolutions,1
Tabdelta Solutions,1
Huquo Consulting,1
Zaptech Solutions,1
suzva.com,1
Digikey,1
RDA Labs,1
Tipsons Group,1
Zorior Technologies,1
Latitude Technolabs,1
Savvy Greens,1
Mehta Infosoft,1
Silver Touch,1
Variance Infotech,1
Spectra Technovision,1
Emergent India,1
Markcipher,1
Corporate Roasters,1
LTIMindtree,1
RheinBrcke IT Consulting,1
Verve Systems,1
AS Technolabs,1
Elatebrain,1
Compegence,1
William O Neil Co,1
LOGESYS SOLUTIONS INDIA PRIVATE LIMITED,1
Kinara Capital,1
Krishna Technologies,1
Freudenberg Sealing Technologies,1
Hangar Worldwide,1
Accelon Consulting,1
Hiring for renowned Service based company,1
MoEngage,1
Data Analytics Company,1
WinWire,1
Dr. Martens,1
German MNC,1
Inxite Out,1
Factspan Analytics,1
Gun Marine Services (GMS),1
Armstrong Fluid Technology,1
R S A,1
Manuh Solutions,1
Bestex Research,1
Blismos Solutions,1
Objectwin Technology,1
Willspired Solutions,1
Tundra Technical Solution,1
Goibibo,1
Healthworksai,1
Talent Monitor Bangalore,1
Jenoptik India,1
Emmes Group,1
Bluevine,1
Terawe Technologies,1
LPL Financial,1
Shivark Virtual Academy,1
Anicca Data Science Solutions,1
Kazam,1
Rezolve,1
Iote Technologies,1
Koo,1
Genspark India,1
Step One Step Ahead Llp,1
Mississippi Consultants LLP,1
KPMG Assurance and Consulting Services LLP,1
A2G Technologies,1
Parentpay,1
Alten,1
APTO GLOBAL EMPLOYMENT PRIVATE LIMITED,1
Ansi Bytecode,1
A Client of Ventures HRD Centre,1
Gitf Consulting Services India,1
AU Small Finance Bank,1
Everestek Technosoft Solutions,1
Job24by7,1
Prodigal,1
Xalted Information Systems,1
Freestone Infotech,1
Qwickly Ventures,1
GoldenHIre Consultancy,1
Avaada Energy,1
Engineering Manufacturing Company,1
iRageCapital,1
Nissar Consultancy,1
Rapinno Tech Solutions Private Limited,1
Mprofit,1
Digitide solutions,1
GE Aerospace,1
Nxtwave Disruptive Technologies (Hiring for client),1
TOP MNC COMPANY,1
Rajalakshmi Mep Works,1
Job Solutions,1
BAJEL PROJECTS LIMITED,1
Dixit Infotech Services,1
Kinesso,1
Copeland,1
smashr global client,1
Logicmonitor,1
Wissen Baum,1
Mindstix Software Labs,1
Convera,1
Dattus,1
Softcrylic Technology Solutions,1
Bluerock Management,1
Redsol Global,1
AB2 Consulting,1
Tivona Global Technologies,1
Digital Convergence Technologies,1
Xperate,1
Sysfort Systems,1
Inventyv Software Services,1
Lemolite Technologies,1
Kemin Industries,1
Sysvine Technologies,1
Hexnode,1
1cloudhub,1
First Ladder Management Solutions Pvt Ltd,1
Squareshift Technologies,1
Zealous System,1
Xongolab,1
CR2 Technologies,1
Xomic Infotech,1
Malay Infotech,1
Insolare Energy,1
Softqube Technologies,1
Zithas Nextzen,1
Codemythos Solutions,1
Mindfire,1
Labhya Foundation,1
Colt Technology Services,1
Gtropy Systems,1
Wishlink,1
MatchMove,1
Bizsol Technologies,1
Opus Technologies,1
Research Division of a Global Shipping Firm,1
Elastiq,1
Vouchagram India,1
Numaware Technologys,1
Blackmores Group,1
Venture7 Technology,1
Elite Recruitment Group,1
AXA Global Business Services,1
Purview,1
Shavish Group,1
Banking,1
"Fortune India 500 MNC, Banking Firm",1
Purview Services,1
Telefonica Tech,1
Cequence Security,1
Calfus Technologies India,1
Predikly Technologies,1
Out Of The Blue Ai,1
Brave Technologies,1
Graas.AI,1
Doordash,1
Giant MNC,1
multi client,1
Winsolutions,1
Goodland Surveys,1
CONVERGIX Automation Solutions,1
Danish Business Services,1
IT OPEN DOORS PVT LTD,1
Znod Technologies,1
Beracahsoft,1
NU Technology Inc,1
Mobius,1
Radian Generation,1
Fita Edtech,1
Leading Maritime software development and IT excellence,1
Radware,1
Limap Ai Spatial Solutions,1
Collar Search,1
Exeter Premedia Services,1
Oeconnection,1
NU Technology,1
O2 Breathing Brains,1
Ford India,1
Naveen Enpowertke,1
Reputed Organization,1
SP Staffing Services,1
Whiteblue Cloud Services,1
4sight,1
OutsourcingHubIndia(OHI),1
Hazel Systems,1
Shyam MetalicsDUNAMIS Technologies,1
Perceptiviti,1
Ekagra Practices,1
Tigmaminds,1
Vue Data Technologies,1
Rafox Systems India,1
Wadzpay Technology,1
Infinity Jobs Noida,1
Hireginie,1
Gartner,1
Resource Weaver HR Consulting Pvt Ltd,1
Techster It Services,1
ST Courier,1
Cloudy Coders,1
Codilar,1
Nasscomm,1
Beyondalphabet,1
Infinizi,1
Apex Analytix Technology,1
Magicbox Services,1
Hashstudioz Technologies,1
Adeptia,1
Green-cad It Consulting,1
Rightwave Infosolutions,1
IntVerse IT Solutions Private Limited,1
client - Saaki Argus And Averil Consulting,1
Varija Lifestyles,1
SysInfoTools,1
Emerging India Analytics,1
Consultium Ventures,1
Qmoniqs Software,1
Pragma Edge Software Services,1
Benthon Labs,1
Smarthelio,1
Neurons It,1
ICONMA,1
Schnell Technocraft,1
Naukri Expert Assist- MNC Financial,1
Adsparx,1
Donaldson India Filter Systems,1
CSW Technologies Llp,1
TalentMint,1
AceNet,1
Pratyin Infotech,1
TNPSFL Technologies,1
Visionqual IT Services,1
Hops Healthcare,1
Exillar,1
Empclaims Solutions Llp,1
Codal,1
Intelliswift - an LTTS Company,1
Pearce Services Global,1
Spectramedix,1
Intellial,1
USV,1
Recruise India Consulting,1
Gcube Info,1
Valens Datalabs,1
Rishabh Software,1
E Edge Technology Pvt. Ltd.,1
Rainstreamweb,1
Avtar The Power of Diversity,1
Chola MS,1
Tanla Platforms,1
Isagebrum Technologies,1
Innovatics,1
SAM Manpower & Career Services,1
Jobaaj Com,1
Meditab Software,1
Sleek Infosolutions,1
Vedak,1
Sourceright Technologies,1
LEANworx,1
200ok Solutions,1
BIG 4 MNC,1
Trident It Consulting,1
Qeleo Technolabs,1
JIL Information Technology,1
Hiring for a GCC,1
Heerasoft Technologies,1
Pipe17,1
Beeu Tech,1
YPO,1
Sashrik Information Technologies,1
Anand Erp India,1
Terra Blue Exploration Technologies,1
Bert Labs,1
DS STREAM,1
Dolby,1
Tekonika Technologies,1
ORCAPOD,1
Lester Infoservices,1
Flocareer,1
Fabel Services,1
VBeyond Corporation,1
CUSTOMERINSIGHTS.AI India,1
MBS Global,1
Subex,1
Eizen,1
New Relic One,1
Neoscript,1
Netpace Inc,1
Tomorrow World Technology,1
Incusol,1
Cyzen Services,1
Trinus Corporation,1
Dbsync,1
Donaldson,1
GenieTalk.ai,1
Linkcore Trading,1
TIC Fiber,1
Crest Data Systems,1
Envale Systems,1
Covalent,1
Accelbyte,1
Drivesavers Data Recovery,1
Ehimaya Technologies,1
Vandey Consultancy Services,1
Blobstation Bhopal,1
Hinduja Housing Finance,1
GS1 India,1
Nextaccel,1
Kanakavalli Retail Venturess,1
Countrees Services And Technologies,1
Nam Info,1
Object Technology Solutions,1
Aceto Pharma,1
Lincoln Pharmaceuticals,1
Bitontree,1
Empoweringcpo Services,1
Legalwiz.in,1
Dynatech In,1
Xduce Technologies,1
Kelsa Works,1
Appsource Services,1
Homelane,1
V Group Inc.,1
Jazzx Ai,1
Franchisebazar,1
Bitespeed,1
Innova AM Tech,1
Neointeraction Design,1
Black and white Business,1
NetiApps,1
Top Global Consulting Firm,1
Truefocus Automation,1
Treebo Hotels,1
Savaari Car Rentals,1
IBEForuM,1
Unison Group Com,1
Dailyliv India,1
Explarity Solutions,1
SASA Infotech,1
Glean,1
Entnt,1
Gururo,1
Lowe's,1
Liveperson,1
"ASENTECH, LLC",1
CODERS BRAIN,1
Faptic Technology,1
Fusion Practices,1
Visionqual It Services,1
Kognitiv,1
Flipkoins,1
Black Duck Software,1
Indigo Information Systems,1
Zerozilla Technologies,1
Prismforce,1
Network People Services Technologies,1
KrazyBee,1
PhaseZero,1
Qualwebs,1
Top Rated IT Corporation,1
Aspire Software,1
Brilworks,1
Fireblaze Ai School,1
Nexuslink Services India,1
Codezeros,1
Webclues Infotech,1
Remitly,1
Chai Waale Trades,1
Hiring for a Leading IT MNC,1
Fintech Cloud,1
COMPETENT SOFTWARE (CS),1
Life Productions,1
Synergy Hpl Solutions Llp,1
CodeCafe Lab IT solutions,1
Large Software Product Development Firm,1
Immidart Technologies,1
Greystar,1
IVAR Consultants,1
Maven Silicon,1
Viasat,1
Agricps,1
Large IT MNC,1
Foreign MNC in Analytics,1
Nexevo,1
Maxval Technologies,1
47billion,1
Finkraft,1
Xpay Life,1
Dixit Global Tech,1
Gammastack,1
Aakhyatech Solutions,1
Procucev Enterprise Solutions,1
Surviva Technologies,1
ThoughtFocus,1
Sambhav Foundation,1
Craft Silicon,1
Mverve,1
JSM Technologies,1
Flexur Systems,1
Carmatec It Solutions,1
Acufore India,1
Originux,1
Hire Bridge Consultancy,1
MNC Client of GSN!,1
E2E Infoware,1
Hiring for one of the Big4 Company,1
Coface India Credit Management Services,1
Cyderes,1
Railscarma,1
Irish Taylor & Co,1
Bhanzu,1
Timelyai Technologies,1
atk Tech,1
Sthira,1
CriterionSoft,1
Nutanix,1
Estuate Software,1
Reali Solutions,1
"Mindcube Solutions Technology, Consulting & Services",1
Mindcube Solutions,1
Cloudberry360 Technologies,1
Mayura Consultancy Services,1
Carmel High School,1
Instinct Digital,1
GE Appliances,1
Zen Data Shastra,1
New Era Consulting Services Pvt. Ltd.,1
Azim Premji Foundation,1
Etag Software Solutions,1
Vraio Software,1
Microfinance,1
Empulse Research And Data Analytics,1
Capco Technologies Pvt Ltd,1
HotelHub,1
Harman International,1
Flora Food Group,1
Digit Insurance,1
RPASoft Solutions Pvt Ltd,1
Clean Harbors,1
USHANKK ENTERRPRISES PRIVATE LIMITED,1
Sterling Emerson HR Services,1
Fintech,1
Eduqual Learning Solutions,1
Wyzmindz Solutions,1
Modus Business Transformation Platform,1
ANZ,1
USHEMA MANSYSTEM PVT LIMITED,1
Time Line Investments Bangalore,1
Brigade Group,1
Pratra Travel Technologies,1
Introlligent,1
Bean HR Consulting,1
Nextwebi IT solutions Pvt ltd,1
Veripark,1
Borderless Access Panels,1
Daimler Trucks Innovation Center,1
Munyongo,1
IDFC FIRST Bank,1
WarpDrive,1
Bossini Technologies,1
Meta Resources Group,1
Betanxt,1
i exceed,1
S B Infowaves,1
ARC Document Solutions,1
Ingeniworx Business Solutions,1
It minds,1
Datazoic Machines,1
NSM Services,1
Saika Technologies Inc,1
Q1 Technologies,1
Charter Global,1
Delphi Consulting,1
Applied Research Works India,1
Delostyle Studio,1
Flowrec Solutions Kolkata,1
Webbies,1
Kalkey Solutions,1
Artificial Learning Systems,1
Slimes Infraprojects,1
R K Placements,1
TensorIoT Inc,1
Cellworks Research India,1
Ascent Consulting Services,1
West Pharmaceutical Services,1
Aikaan Labs,1
Quation,1
Bismarck,1
Synoris Information System Pvt Ltd,1
QAgile Services,1
Outpost,1
Choice International,1
Hdfc Securities,1
Spinebiz,1
Honeybeez,1
Light & Wonder,1
Arunarcis Solutions,1
Empower,1
Illuminz,1
WMS Gaming,1
Stringee,1
Vantageiq Technologies,1
Action Data Systems,1
Mee 2 Bee Smart Services,1
Engage2excel,1
Elula Tech,1
Elatech Intralogistics Solutions,1
Diligent Corporation,1
Fournxt,1
Sirma Business Consulting,1
Mclene Soft Solutions,1
Harf IT Solutions,1
NSPlus Technology,1
WOW Softech,1
Viacom India,1
NBFC Housing Company,1
Infomatics,1
L&T Finance,1
Acmacorp Solutions,1
Tea Research Association,1
Edominer,1
GSdigitalWebSolutions,1
Cloudkaptan Consultancy Services,1
Conacent,1
Big4,1
Finarb Analytics Consulting,1
Riskspan,1
Cognitech Web Solutions,1
Digital Web Solutions,1
Shyam Metalics And Energy,1
Management and Computer Consultants (MCC),1
Xfusion Technologies,1
Vcomply,1
SG Digital,1
LabVantage Solutions,1
Pragya Health Technologies,1
Venturesoft,1
Aleeva Retail Solutions,1
Tharare Global Solutions,1
99yellow,1
Liberin Technologies,1
Tror,1
Greenai Services,1
Confisys,1
Spark Capital,1
3sixty It Solutions,1
Soulace Consulting,1
Symphony Fintech,1
Decode Resolvency International,1
Evia Information Systems,1
Nexstep Infotech,1
Onnivation Ventures,1
WTW Global Delivery And Solutions,1
Tech Firefly,1
Ithink Logistics,1
Pave Infrastructure,1
Greeksoft,1
Cubic Fertichem,1
Automationedge,1
Siddha Group,1
Syum Technology,1
Stellantis,1
E QL Business Solutions,1
Strabus Software,1
Domit & Kamel Telco,1
Reach Technologies,1
Micron Industries,1
Koita Foundation,1
Hiring Mavericks,1
Ark Solutions,1
Softlink Global,1
Cratas,1
Celcius Logistics Solutions,1
High Career Mumbai,1
Jupiter Business Systems,1
RedMango Analytics,1
AllCloud,1
Attesa Coffee,1
Instatalent Recruit,1
Hrassistance India Consultancy,1
Netcoreinfo Business Services,1
Capline Services,1
Mytech Global,1
Runwal Enterprises,1
3i Infotech,1
Nabkisan Finance,1
Planit Testing India,1
Leading Insurance Domain,1
Futurism Technologie,1
Intelegain Technologies,1
Bigsun Technologies,1
Elevate K 12,1
Miles Software Solution,1
National Commodity & Derivatives Exchange (NCDEX),1
Upsurge Infotech,1
Somaiya Vidyavihar,1
Acaira Technologies,1
Shujabits Infotech Solutions,1
Prosopis,1
NBFC Company,1
Momentum Metropolitan Holdings,1
Dp World Global Service Centre,1
Kotak Securities Limited,1
Projects Today,1
Aggne Global It Services,1
Bitkraft Technologies,1
PES Hr Services,1
SMBC Group,1
Korn Ferry,1
Orix Corporation,1
Altamount Consulting Services,1
Aspiration,1
Bee Management Consultancy Pvt. Ltd,1
Advanced Strategies,1
Duck Creek,1
Praxis Consutants,1
"Algoscale Technologies, Inc.",1
3Di Systems,1
Kyzer Software,1
Rian Placements,1
Sodexo,1
Comfort Infotech,1
Projecttree,1
Anmol Industries,1
TP Digital Technologies,1
Careplix,1
Digicommerce Solutions,1
Azmarq,1
Pratyaksha Medi Care,1
digitide solutions,1
Sapient (publicissapient),1
Indoqubix Cloudtech,1
Kronicle Research,1
NMD Placement Consultancy,1
We Remote Devs,1
Presidency Digital India,1
Myclouddoor,1
Verifacts,1
Lexplosion Solutions,1
Institute of Information Security IIS,1
Infomerics,1
RPM Infotech Consulting,1
Writer Corporation,1
LSC Lifesciences,1
Bio Clean Turnkey Solutions,1
Solenco Infra,1
Jovox,1
Add On It Systems,1
Outnovate,1
BMC Consultancy Services,1
Glenmark Pharmaceuticals,1
Alembic Limited,1
Winsoft Technologies,1
Pivotree,1
PineBridge,1
BSC Solutions India Pvt Ltd,1
AIE Group,1
Bright Money,1
Requin Solutions,1
Bharat Light & Power (BLP),1
Fospe Software,1
Btropsn Software,1
TATA INDUSTRIES LIMITED-TATA INSIGHTS AND QUANTS DIVISON,1
Moumita Sarker,1
Evolute Group,1
Esteem Client of HR Remedy India Pvt. Ltd.,1
Wonderlendhubs,1
Client of Genetic Callnet Consultancy,1
MFinwizard Technology Pvt Ltd ( Fisdom ),1
Forecastera India,1
Agratas,1
Vistex Asia Pacific,1
Light Information Systems,1
intellisourcetech,1
Onit,1
Devrecon Softwares,1
Nuagecx Consulting,1
Flywings Hr Services,1
Sahyadri Software Technologies,1
MP Ensystems Advisory,1
Superdoc App,1
ive - We Price Right,1
Sciative Solution Pvt Ltd,1
AQM Technologies,1
Propertypistol Realty,1
Finplus,1
Apollo Hospitals,1
Enthrive Techworld Solutions,1
SGA Adsvita Communique,1
Buro Happold,1
Rubix Data Sciences,1
HDFC Credila,1
GCV Life,1
Luminedge Advisory,1
Mentorcap Management,1
Doc Brown Industries Llp,1
Molygraph Lubricants,1
Turtlemint,1
Client of PCB Jobs Search Consultant,1
TALENT HR NETWORKS,1
HH Global,1
CSC,1
Gryphon Hytech Services,1
Exioms,1
Phikonnect Solutions,1
Nirmitee.io,1
Mappcall Technologies,1
Sky Systems,1
Sneh Projects,1
Aether Enterprise Applications,1
Zenith Techlabs,1
Emerx Services,1
Testometer,1
Bizkonnect Solutions,1
Aloha Technology,1
Xenominds It Services,1
Taxblock India,1
Aideexpert Advisory,1
Nikhil Constructiongroup,1
Sanswai Technologies,1
Maxiq Pune,1
Cohezia Digital,1
Indexial,1
Skynet Technologies,1
Custom Soft,1
Pragmatic,1
Icodex Publishing Solutions,1
Myospaz Software Technologies,1
Mobisoft Infotech,1
iT Gurus Software,1
Full Potential Solutions (fps),1
Educe Solutions Pvt Ltd,1
Devnco,1
Exusia,1
Digicloud Solutions,1
Mdi Networx,1
Seventh Contact Hiring Solutions,1
Smith Nephew,1
S P A Enterprise Info Services,1
Gunn Solution,1
Fossgen Technologies,1
Esycommerce,1
Harbinger Techventures,1
House Of Diagnostics,1
Dynamic Technosoft,1
Kisan Kalyan Foundation,1
Saveer Biotech,1
I3nanotec,1
Dhyey Consulting Services,1
AvantEdge Business,1
Recrui8,1
Sys Edge Micro Informatics,1
Sysedge Micro Informatics Private Limited,1
India's topmost FMCG Conglomerate,1
Alcircle,1
Spectrum Filtration,1
Energytech Ventures,1
BRIGHTLY SOFTWARE INDIA,1
Shriv Commedia Solutions,1
Momentum Controls Software And Services,1
Leading Data Science Solutions Company - Healthcare,1
Oasis Technosoft,1
Leading Company in IT Domain,1
Pursuit Software Development,1
Data Core Systems,1
Web Spiders,1
Bayshore Intelligence Solutions,1
Ryussi Technologies,1
Simplicity First,1
Spherule Foundation,1
Global Opportunity,1
Weavelinx,1
Leadslogic Media,1
Sovereign Software,1
Vibeosys Software,1
ESP Global Services,1
Benchmark It Solutions,1
Krishagni Solutions,1
Canpack India,1
Supro Consulting,1
Teamovation Services,1
Insight Advisors,1
Siddhatech Softwares,1
Banner Engineering,1
Global Solutions,1
Drizzle It Services,1
Antal International,1
Kornferry,1
Serviphi Technologies,1
Everstream analytics,1
Suavis India Software Services,1
Bigh Bull,1
Avignaab,1
Hartley Lab,1
Mplussoft,1
"Integral Information Systems, Pune",1
Metron Security,1
Technosoft Engineering,1
H B Fuller,1
Principle Infra Project,1
IncubXperts,1
Thuse Elektronics,1
Sujata Computers,1
Bliss International School,1
Hackersera India (opc),1
Pplanet Hr Services,1
Provab Technosoft,1
Unbox Robotics,1
Boundaryless,1
Interintel Global Tech Solutions,1
Care Ai,1
Etraveli,1
Bakerstreet Fintech,1
Sevenmentor,1
Audtech Solutions,1
DP World,1
Antworks,1
Macrosoft,1
Up Market Research,1
Margadarshak Centre For Agribusiness Development,1
Cornpact,1
Hni Gbsc,1
Praxis Info Solutions,1
Coresumo Technologies,1
Agsuite Technologies,1
Saint Fox Consultancy Private Limited,1
Altera Digital Health,1
Dataintelo,1
CoStrategix,1
Kilonewtons,1
NuWare,1
PRC Consultancy,1
Beta Technology,1
50 Hertz,1
Fullstack Solutions,1
CSM Technologies,1
AKS Interactive Solutions,1
SGS Infratech,1
Justforpay,1
Appquarterz Technologies,1
Eazy Recruitment Solutions,1
Envytee Info Solutions,1
Pulsar Knowledge Centre,1
Meegaan Consulting,1
Blue Umbrella Limited,1
Crepdog Crew,1
Green Soft Solutions,1
Client of B Placed Consulting,1
Pay10 India,1
Mediception Science,1
Endeavour Consultancy Services And Solutions,1
Shopclues,1
Vrindi,1
SVR Global,1
Study Palace Hub,1
Wesolutize Technology,1
Finastra,1
Radix Electrosystems Pvt Ltd.,1
Spectrum Consulting,1
TataMotors Campus Hiring,1
Atlas Copco,1
Rhysley,1
ADG Online Solutions,1
Craftedq,1
Knowmax,1
White Force Outsourcing Services,1
Avani Consulting,1
Wiselife,1
IHLD MedTech,1
Inox Neo Energies Ltd.,1
Milkyway Infotech,1
Livpure,1
Varuna Integrated Logistics,1
Zonka Technologies,1
Loankuber,1
Vincit Software & Consulting,1
Bitchief Technology Services,1
Technosys Solutions (India) Pvt. Ltd,1
Protildo,1
SEO Tech Experts,1
True Value Infosoft,1
Webority,1
Hyundai Motor,1
Indian Institute of Patent and Trademark Education and Research,1
Equans,1
Ilink Talent Solutions,1
UPC Renewables India,1
Inshorts,1
Premier Consultants,1
Dextra Labs,1
Gainwell Commosales,1
Empowered Margins,1
Mentro Tech,1
Infoblox,1
Xelium,1
Wisitech,1
Elevra Tech,1
Buniyad Real Estate Services,1
Bizdeed Hr Solutions,1
Luxasia,1
Networked Energy Services,1
Ustraa,1
Vimarsh Development Solutions,1
Infozion Technologies,1
ValueLabs,1
GMR Airports Infrastructure,1
Hear.Com,1
Findoc Finvest,1
Sharda Motor,1
US Based Management Consulting Firm,1
"Interra Information Technologies, Inc",1
SCA Technologies,1
Rage Coffee,1
Panaaya Technologies,1
Prasuma,1
Storehippo,1
Hinduja Tmt,1
Crestech Software Systems,1
NetCreativeMind,1
GroMo,1
Superteams Ai,1
Coloredcow,1
dishtv,1
Aithent,1
Consocia,1
Q3 technologies,1
Psag It India,1
Zamp,1
Top Hire,1
Young Leaders For Active Citizenship,1
Suretek Infosoft,1
Helpage India,1
Digital 247,1
New Media Guru,1
HR Mind,1
Altius Telecom Infrastructure Trust,1
Tecnova India,1
Procloz Services,1
Madman Technologies,1
Virtubox Infotech,1
PTC India,1
Krib Information Services,1
Letscms,1
Shashwat Web Technologies,1
Cloudit Back Office Services,1
Pinkerton Corporate Risk Management India Private Limited,1
MYND Intergrated Solutions,1
Cuminco Kitchenware,1
Lava International,1
SkillLabs,1
Unified Credit Solutions,1
Commercex,1
Aegiscovenant,1
Inductus Consultants,1
Moshi Moshi,1
Conversionx,1
FA Home,1
Schoolnet,1
Market Access Transformation,1
Tectra Technologies,1
Studio Diseno,1
Lollypop Design Studio,1
Cloudnow Technologies,1
Metayb,1
Rais Usa,1
Oxyto Global,1
Clayfin Technologies,1
CTD Techs,1
IBS Software,1
Ezovion Solutions Private Limited,1
Staffigo Technological Services,1
Marlensoft,1
Leading US based IT and ITES Industry,1
Karomi Technology,1
Newagesys Solutions,1
Smartech Interactive,1
Mindturf,1
WBN Technology,1
M Intergraph Systems,1
Matrimony com,1
Leading MNC into Steam Manufacturing,1
ManageArtworks,1
Inspirisys,1
Population Foundation Of India,1
Trend Micro,1
Trefis,1
Colliers,1
Crownstack,1
Bayslope Business Solutions,1
Data Bridge (DBMR),1
PERSOLKELLY,1
Jesper Apps Software Services,1
Indicosmic Capital,1
Akaasa Technologies,1
Vanya It,1
N Sight Consulting Group,1
ChangeLeaders,1
Automotive Mastermind,1
Highbury Consulting Services,1
Migrow Solutions,1
Daresm Consulting Services,1
Inoryasoft,1
Caredata Infomatics,1
Techno Tackle Software Solutions,1
protiviti india,1
La Freightlift,1
Quadrytrix,1
Grids And Guides,1
Zumen Technologies,1
Congruent It Services,1
Yakshna Technologies,1
Wondersoft,1
Hr365 India,1
Empower Tamizhagam,1
"HappyFox, Inc",1
KRG Technologies,1
Ultragits,1
Ninos It Solution,1
Arbaan Gt,1
EbixCash Financial Technologies (ECFT),1
Spritle Software,1
Uranus Oil,1
Celexsa Technologies,1
Ziffity Solutions,1
Kumaran Systems,1
Element Infomatics,1
Nextracker,1
Gharuda Infotech,1
Nathan Research,1
Pr Glolinks,1
Intecai Digital,1
A & E Information System,1
Sharda University,1
Jinrai Technologies,1
Starlight Hr Consulting,1
Recruitrix Technologies,1
iBeris Software,1
Adeptview,1
Onesoft Technologies,1
Thiess,1
FARE Labs,1
Neuralsift,1
Sirionlabs,1
Paxcom India,1
Rmsi,1
Futuresoft,1
Iktara Data Science,1
Amazin Automation Solutions India,1
Geninvo,1
Woro Media,1
Digilytics,1
Diverse Infotech,1
Learnfly,1
Scoreme,1
Rvs Global Solutions,1
Williams Lea,1
Banu's Holdings Pte Ltd,1
"Softura, Inc.",1
disprz,1
Kapitus Strategy Services,1
Billroth Hospitals,1
OASIS,1
Augray,1
Hiyoshi India,1
AltezzaSys,1
Chola,1
Sundaram Finance,1
GO Perfecter Ai,1
Flex,1
Webdoux,1
SiamComputing,1
Akshar Arbol International School,1
Chargeback Gurus,1
Arkha Systems India,1
Qrewz Ventures,1
Hashira Fintech India,1
NKT Operations,1
Black and White Business Solutions Pvt. Ltd,1
Max It Solutions,1
Equiniti India,1
Freelancer Suresh J,1
Quantum Strides,1
Prosidian Consulting,1
Alation,1
AI Infotech Chennai,1
Shai Global Analytics,1
Edgar Efile Solutions,1
Vaisesika Consulting,1
Maarga Systems,1
Practicevantage,1
Systems Technology Group (STG),1
Chryselys,1
Explorance Analytics,1
Infiniti Software Solutions,1
Arizon Digital,1
Cetas Information Technology,1
Ascendency Infosystems,1
Vetriforge Technologies Private Limited,1
Psiog Digital,1
Verinite Technologies,1
Webpipl,1
Shraddha Childrens Academy,1
DynPro India Private Limited,1
OSI Digital,1
Embe Tech Solutions,1
Assa Abloy Entrance Systems,1
Enrich and Enlight Business consultancy Pvt Ltd,1
Brainbox Innovation Services,1
VH Mobile Metrics,1
Tech Mahindra Business Services (TECHMBS),1
Credence Hr Services,1
Fresh Baked Goodness,1
Intelizest,1
Insoft Innovations,1
Linz Technologies,1
Rootsource Solutions,1
Acumen Technologies,1
Renambl Technologies,1
Zappyworks Software Solutions,1
Awign Expert,1
Dixon Technologies,1
Credflow,1
Greensoft,1
Dedalus Global,1
Engage Experts Management Consultancies,1
hr priyanka - 8512850830,1
Girikon Solutions,1
"International Forum for Environment, Sustainability Technology (iFOREST)",1
MCT India Infotech Pvt. Ltd,1
Moneeflo,1
Xperience Infinite Software Technologies,1
BIG Language Solutions,1
Eyesbit Infotech,1
Aala Tech,1
Sand Martin Consultants Pvt Ltd,1
Mahesha Software,1
Ocean Websoft Pvt.ltd,1
DSV Global Business Services,1
Parvus Analytics,1
FCM Travel,1
Extrieve Technologies,1
Panalpina,1
Rabyte Technologies,1
Cube84,1
Multiplier,1
Inmorphis Services,1
Rightsline Solution,1
Unyscape Infocom,1
KOR Energy,1
Proeffico Solutions,1
Misha Infotech,1
Fragile Websoft Technologies,1
k24 staffing solutions,1
Thinkbotic Technology,1
Befisc,1
Strideone,1
Paypay Corporation,1
Dash Technologies,1
Sequence Technologies,1
Denpro Technologies,1
S H A Associates,1
Leverage Edu,1
WebBee,1
MBA Journals,1
Promien Services,1
Sagar Informatics,1
Elevatiq,1
Zodiac Solutions,1
Apac News Network,1
Impresio Studio,1
Uneecops Technologies,1
Digitalpugs Media,1
Empaxis Data Management,1
Qteqx Solutions,1
ITS Technologies,1
Nexus Professionals,1
Lambdatest,1
Zieo Pharma,1
Doublu India Private Limited,1
Zones Corporate Solutions,1
Sterling Ornaments,1
Infoaxon Technologies India,1
E2developers,1
Broadway,1
Assago Industries Pvt. Ltd.,1
Daffodil Software,1
Amrit Cement,1
International Solar Alliance,1
StarZen,1
Uncharted Infolabs,1
Modern Diagnostic & Research Cente,1
Acobloom International,1
Kiwitech,1
Chaahat Homes Infratech,1
Oblytech,1
Canara HSBC Life Insurance Company,1
Cars24,1
Studio Farms,1
Saxo,1
Shaktisoft Projects,1
CodeStore,1
Ranolia Ventures,1
Hexadecimal Software,1
Collance Technologies,1
Doceree,1
Inspyretek Solutions,1
Big 4 IT Consulting,1
Summit Information Technologies Pvt. Ltd.c,1
Listed Org with PAN India presence,1
Care Health Insurance,1
Plunes,1
24x7 Internet Technologies,1
Idoss Technologies,1
Enixo Enterprises,1
Nephor Research & Technology Labs Private Limited,1
Appster,1
Smaac Net Solutions,1
Capital Placement Services Gurgaon,1
Unitech,1
VML Enterprise Solutions,1
Suzuki Digital,1
Auxidane,1
Pioneer Services,1
Doors Studio,1
Inube,1
Launchio Consulting,1
Largest IT Consulting,1
Thinkaloud Consulting,1
Unified Workplace,1
I Dream Education,1
kezan,1
Aviva India,1
S M Sehgal Foundation,1
MAIER VIDORNO (M V),1
Pluang,1
Socommerz,1
Aspire Lifestyles,1
capSpire India LLP,1
Feuji Software Solutions,1
Cityfurnish,1
Inaaya Daycare & Activity Centre,1
Deyor Rooms,1
Nambi Technologies,1
Leading real estate developers in Delhi/NCR.,1
Herox,1
Bureau Veritas India Pvt. Ltd.,1
VMA Architects,1
Abhitex International,1
VALUEWING CONSULTANCY SERVICES (P) LTD,1
Sis Certification,1
Speedcrafts,1
Fizzy Softwares,1
Matrix Partners,1
Appizion Consulting & Solutions,1
Gypsum Structural,1
Hollister Global Business Service India,1
Burson Cohn & Wolfe,1
Agami Tech,1
Bafflesol Technologies,1
Redcoff Technologies,1
My Gst Refund,1
Dolphinchat Ai,1
Riviera Home Furnishings,1
Required US travel sales ops managers/ Dotnet Developer from travel / full stack developer,1
Invas Technologies,1
TNPSFL Technologies Pvt Ltd,1
Vinfast,1
Ants Digital,1
Outscalepartners India Pvt Ltd,1
CIMET,1
Sterling Holidays,1
KKR,1
Bidsandbeyond,1
OM Careers,1
Digital Innovations,1
Wizikey,1
Door Training & Consulting India,1
Byld Group,1
Blanchard Research and Training,1
Avtech,1
Remote Office,1
Dexterity Projects,1
Cerillion Technologies,1
Compliance Hub,1
SGC IT Solutions,1
Securdi,1
RPA Unicorn,1
Primacy Infotech,1
I Market & Manage,1
Genius Technology,1
Eoxegen,1
Aqb Solutions,1
Goldenlion Consulting Services,1
Finnovate,1
Avtech Software,1
Qwinzi Experiences,1
Pugdundee Safaris,1
Client of Corporate Destination,1
Binaryfolks,1
Htsm Technologies,1
Backspace Consulting,1
Alpha Torana,1
Techno Exponent,1
Coal Clean Beauty,1
Pinch Lifestyle Services,1
Satin Creditcare Network,1
TheHireHub.AI,1
Hegoch,1
Clevdoc Platforms Inc,1
Vox Populi,1
Dviti Solutions,1
Torrent Power,1
Concetto Labs,1
Kemsys Technologies,1
IConflux,1
Enterprise Analytic,1
Connectionphase,1
Ifour Technolab,1
Surveyvista,1
Sabmecto Consultancy Services,1
Relate Infotech,1
Codelogicx,1
Apollo Asia Travel Group,1
Han River Technology,1
Workmates Core2cloud,1
MG Tathya Solutions (MGTS),1
Itspectrum Solutions,1
Technext Technosoft,1
Tuteck,1
Skillsonics India,1
Scriptrix,1
Halder Venture,1
Win Webtech,1
Audigold Virtual Services,1
Kozma & Kozma,1
Alchemy Capital Management,1
Kepio Engineering Services,1
Dataman Computer Systems (P) Ltd.,1
Gyrus systems,1
Ojb Herbals,1
Bitpastel,1
ARISU App Solutions Pvt. Ltd,1
GSAUTO,1
New Sairam Consultancy,1
xxxxx pvt ltd,1
Aaneel Technology Solutions,1
Uplers,1
Octavius Pharma,1
Ingsol,1
Manavlink Advisory,1
Preview Technologies,1
Virtual Vidyapith,1
Suchi Semicon,1
Areterix Technologies,1
Intelliworkz Business Solutions,1
Silent Infotech,1
Hyfun Foods,1
iCreative Technologies Inc,1
Elasticserve,1
Applied Software,1
Ikon Marketing Consultants,1
Candidroot Solutions,1
Intact Insurance Brokers,1
Simulations Public,1
Addis Infotech,1
Nsiq Infotech,1
SSM Infotech Solutions,1
Auxano Global Services (AGS),1
The Intellify,1
Elsner Technologies,1
Tops Security,1
Hexagon Infosoft,1
HR Anjali- 9687676365,1
IT Path Solutions,1
Soltrack Technologies,1
Travel Designer Group,1
Browseinfo,1
Pharmaceutical Industry,1
GSC Technolabs,1
Identixweb,1
Metatagg Solutions,1
VasyERP,1
Bytes Technolab Inc,1
Xebia,1
Hiring for one of the service based MNC,1
Interpath Ltd,1
"RapidOps, Inc",1
tata consultancy services,1
one of the MNC company,1
Astron Zircon,1
Inorganic Chemical Producers,1
Globetrend Climate Impact,1
Satin Finserv Limited,1
Yabx,1
Adamas Tech Consulting,1
Dario Health Services,1
VaynerX,1
International Shared Support Centree D,1
Openbi,1
Tekskills India private Limited (CMMI Level 3),1
CMMI5 IT MNC Company(Multiinational (C2H) Role,1
Zeeplework,1
Airtel Payments Bank,1
Weather Risk Management Services,1
Asky Services Llp,1
Sense Digital,1
Nits Solutions,1
Wonderbotz,1
Acronis,1
DNA Consult Advisory,1
Drona Hq,1
Eula Blue,1
Cloudeagle,1
Syncortex,1
Carnation Infotech,1
MJB Technologies,1
Mtoag,1
Qbotica,1
Anywhere Real Estate Inc,1
Array Innovative Services,1
Mmsh Clinical Research,1
SGP R&D India Private Limited,1
Genworth,1
Zero Gravity Communications,1
Web Root India,1
Capri Technosys,1
Aktiv Software,1
Synconics Technologies Pvt. Ltd.,1
Enprowess Technologies,1
Dholera Metro City,1
Ftf Pharma,1
TendersCertificate.com,1
Lumium,1
Safal Infotech,1
Shiv Shakti Metal,1
Intforce Software,1
Polyxer Systems,1
GSPAN,1
Global Infrastructure Advisory Services,1
Teknotrait Solutions,1
Cyntexa,1
PIT Solutions,1
Icloudems,1
Gullysystem,1
Piunikaweb,1
Fornova,1
Geincept,1
Centium Consulting,1
Climate Collective,1
Uvation,1
Neena Impex Pvt.ltd.,1
Incubyte Datatech,1
Airboxr,1
Tangentia,1
iCresset Talent Solutions,1
Youngbrainz Infotech,1
Datanetiix Solutions,1
Nexon Software Solutions,1
By Stadium,1
Intechhub Solutions,1
Emplay,1
Xicom Technologies,1
Digital Alchemy,1
Fluenc,1
Alegeus,1
Neostats Analytics Solutions,1
Cai Info India,1
Simreka,1
Akaike Technologies,1
Client of Talent Corner,1
Replicon,1
Blue Rose Technologies,1
People Decode Solutions,1
Codigo Technologies,1
Reward360,1
Mesprosoft,1
Truefy,1
Appiness Interactive,1
Contango Services,1
Selections Hr Services Thane,1
PAN India Staffing Solution,1
Appscrip,1
Teqlume Solutions Llp,1
Cybrosys,1
Storilabs System,1
Webgo Software Labs,1
Valuebound,1
Leading IT MNC,1
Tessolve,1
Net2Source LLP,1
Globally renowned large MNC with pan India presence,1
Sagility India,1
Nxtwave Disruptive Technologies (Hiring for a client),1
7hillsts,1
Techinduct,1
Welkin Healthcare,1
Surgo Health,1
Valuemap Technologies,1
Q Institute,1
XO Health Inc,1
Weekend Trainers Group,1
Mechispike Solutions,1
Ocean Software Technologies,1
Ascent Cyber Solutions,1
Amaeka Technologies,1
iNetFrame,1
Stellentcg,1
Terrific Minds,1
Motherson Technology Services Limited,1
Mspring Infotech,1
Abym Technology,1
Techasoft,1
Carvewing Solutions,1
Nasu Group,1
Mindrives Business Solutions,1
Quantaleap,1
Navadhiti Business Consultancy,1
Vaibhav Vyapaar,1
Innovatily,1
United Layer,1
Shyena Tech Yarns,1
Terralogic Software Solutions,1
Technophilic,1
Ebsl Automat,1
Sixth Circle Technologies,1
Quantumzyme,1
Bix Bytes Solutions,1
The Product Guys,1
Djax Technologies,1
Triad Square Infosec,1
Acviss Technologies,1
Abhar Technologies And Services,1
Talendroid Technologies,1
Web Digital Mantra It Services,1
Smartx Technologies,1
80 Years Old Global MNC,1
Unisys,1
Zerodha,1
Ayursh Technologies,1
Healthflex,1
Plan Optimus,1
Techstar Software Development India,1
Rightpoint,1
Right Aligned Solutions,1
Aura Placement Consultants,1
US Staffing Firm,1
Wizard Communications,1
MyCityBanglore,1
Qantom,1
SP Software,1
Exposys Data Labs,1
DANTA TECHNOLOGIES,1
Keasis Inc,1
Select Source International,1
GameRun AI,1
Prudentia Group,1
Trantor,1
JK Tech,1
Synapseindia,1
Klarin Technologies,1
Digidir,1
Hubotx Labs,1
Whitevox Digital,1
Crebritech,1
Hytech Professionals,1
Expedite Software Service,1
Reputed Company,1
Navabrind IT Solutions,1
Ziroh Labs,1
Hireflex247,1
VR Consulting,1
Csquare consultant,1
Zerovaega Technologies,1
Brainworks Business Solutions,1
Informatics Publishing,1
Choice Consultants,1
TYA Business Solutions,1
Xencia Technology Solutions,1
Tripgain,1
Recrosoft,1
Indiassetz Infra Services,1
D2kss Software Services,1
Swiss Learning Exchange,1
Willware Technologies,1
Arete Careers (opc),1
Clickpost,1
Novulis,1
Procodebase Ai Bangalore,1
Enterprise Bot,1
Fulfillment Iq,1
Aritha Consulting Services,1
Cogniquest,1
CA One Tech,1
LeadSoc Technologies,1
Talent Tribe Global,1
Attify,1
OM Software,1
Toprankers,1
Terveys Technology Solutions,1
Doqfy,1
Peliqan,1
Appzoy Technologies,1
Credy,1
Gavista Tech,1
Updraft,1
Sakthi Cadd,1
Getech Systems,1
Devon Software Services,1
NR GROUP,1
Speed Engineering Solutions,1
Pepplo Consulting,1
White Horse Technologies,1
Ornnova Technologies India,1
ANSR,1
Sirpi Datascience,1
Capace Software,1
Cloudjournee,1
CMMI Level 5 IT Company - MNC,1
Exponent Energy,1
Edic Semicon,1
Algoshack Technologies,1
Fortune India 500 IT Services Firm,1
Ankyah Infinity,1
DevOps Enabler,1
ALOIS Solutions,1
Anantam Hr Surat,1
Mewar Technology Services,1
Scaledge,1
Manobhu Technology,1
Netlabs Global It Services,1
Intellect Software Solutions,1
Leeway Softech,1
IndiaFilings,1
Reapmind Innovations,1
CloudStakes,1
Infoneo,1
Adengage,1
Infizius,1
Rectitude Consulting Services,1
Mouser Electronics,1
Smart Vibes,1
Plum,1
Arrow Electronics,1
Comunus Technologies,1
Financial Company,1
Clifyx Services,1
Buzzworks,1
Client of Sunrise Job Consultancy,1
Supreme Consulting,1
BCE Global Technology Centre,1
U2o3 Infotech,1
Allyted solutions,1
Vibry Business Solutions,1
Progress Software,1
Tieto,1
Proxelera,1
Appmomos.com,1
G R Consultants,1
Seminal One,1
Ipexcel Services,1
SyncUp,1
Bonito,1
Tayana Mobility Technologies Pvt Ltd,1
Oneroof Technologies Llp,1
FOX Solutions,1
Saffo Solution Technology,1
Top Rated IT Enterprise,1
Pump Academy,1
Amiand Consulting,1
One of the IT Services company,1
Digi Optimizer,1
SGM Placements,1
Locobuzz,1
Aniruddha Telemetry Systems,1
TIH Foundation For Iot & Ioe,1
Ppfas Asset Management,1
Margy Tech,1
SIMPLE LOGIC IT Pvt Ltd,1
Rx Consultants,1
Luminous Infoways,1
Cashless Technologies India,1
Drawsera,1
Icresset,1
Talentwell Solutions,1
Basiz Fund Service,1
Fluid Ai,1
Dreamscape Media,1
Meytier,1
Simsol Technologies And Services,1
Marketsmojo,1
Bloatware It Solutions,1
Unosimple Technologies,1
Dinero Software,1
Crayon Infotech,1
Bizinso,1
Mitigata Insurance,1
Wimpey Laboratories,1
Spice Technology Group,1
Sora Union,1
Watermark,1
Deloitte,1
Probe Information Services,1
ZettaMine Labs,1
Confiable Solutions,1
Oliveqsol,1
Verve Financial Services,1
Games2win,1
Raisonminds Solutions,1
Peppermint Communications,1
GCO Technology,1
Viamz Technologies,1
Learnqoch,1
Axium Global Pvt Ltd,1
Accounts & Tax Miner's - ATM Infotech & Barcode Store India,1
Incquet Solutions,1
Webin Technovation,1
Cupid Knot,1
Jjsoft Techno,1
Nevonprojects,1
Wesecureapp,1
Createid8,1
Uttrayon Properties,1
Nilee Games,1
Leading Global Investment Bank (via Big 4 MNC),1
Upkar Leasing And Finance Company,1
Coupondunia,1
Sodhani Infotech,1
Robonic Infotech,1
Dectree Infotech Mumbai,1
Vashishth Tech Enterprise (VTE),1
Exo Infotech,1
Oceanstep Clientcentric India,1
Yespivot Technologies,1
Yespired,1
STP Web Hosting,1
Koimoi,1
Destar Technologies,1
Richas Techpro,1
Diabos,1
ITP Media Group,1
Faction Global Infotech,1
Trium Infosolutions,1
Jain Info- X LLP,1
Reliance Power,1
Leadpulse.io,1
One Take Media,1
Itransparity Online,1
Techathalon Software,1
Superwise Construction Management Software,1
Wizzer Advisortech,1
Unipolar Technologies,1
Lexlegis,1
Greenland Investment Management,1
Quantbit Technologies,1
Fossee,1
Finforce Consulting,1
Shrei Infosystem And Technoservices,1
Servosys Solutions ( Unit of EML Consultancy Services Pvt Ltd. ),1
Edulab Inc,1
Solsynch Technologies,1
Rite Technologies,1
Manav It Solutions,1
Optiminastic Media,1
Cart Geek,1
Cybertech Systems & Software,1
Accufy,1
Paliwoda Group,1
Salesasaseva,1
Digital Republik,1
Sofscript Systems & Services,1
Volody Product,1
The Adroit,1
Parel,1
Digixpressions Media,1
Direction Software,1
Z2 Plus Manpower,1
Info Solution,1
Humanetics Innovative,1
GOA Software Solutions,1
Santiniketan Medical College,1
Lemon Yellow Llp,1
Ryan Specialty Group,1
Spacedge Creation,1
Koottu Inc,1
Arcitech,1
Logixal Cloud Solutions,1
DNEG,1
Abak Infotech,1
The Fast Way,1
Karvy Infotech,1
Zamik Infotech,1
Female Cricket,1
Ranpise Digitech Solutions,1
Hiya Digital,1
Royal Chains Pvt.ltd.,1
KPI Suitetech,1
Mindise,1
Sidgs Digisol,1
Periscope Technologies Inc.,1
BGHR INTERNATIONAL SERVICES PRIVATE LIMITED,1
Miko,1
Megastores,1
Milestone Infosoft Solutions,1
Photon Tadpole Studios,1
Risevertise Media,1
G10 Consultancy,1
Openspace Services,1
KGK Group,1
Prosares Solutions,1
Maharashtra Industries Development Institute,1
Hadwise Infotech,1
Green Leaf's Client,1
Inhyma Solutions,1
Technofra,1
Prerak Infotech,1
"Zartico, Inc.",1
Walden University,1
Arrowstreet Capital,1
University of Memphis,1
Imedhas,1
A Client of TEAM RECRUITERS (TRADING PLATFORM),1
Greenitco Technologies,1
Money Honey Financial Services,1
